id,symbol,date,open,high,low,close,vol
4,AHPC,2012-01-01,319,319,312,312,377
81,AHPC,2012-01-02,312,306,296,304,2216
154,AHPC,2012-01-03,304,306,300,304,1677
234,AHPC,2012-01-04,304,304,295,302,979
307,AHPC,2012-01-05,302,302,297,302,193
377,AHPC,2012-01-08,302,315,302,314,242
447,AHPC,2012-01-09,314,322,314,316,643
592,AHPC,2012-01-11,316,315,305,305,386
675,AHPC,2012-01-12,305,300,300,300,84
754,AHPC,2012-01-16,300,308,305,305,2213
826,AHPC,2012-01-17,305,305,305,305,14
902,AHPC,2012-01-18,305,305,305,305,79
976,AHPC,2012-01-19,305,301,300,301,112
1025,AHPC,2012-01-22,301,304,300,300,376
1112,AHPC,2012-01-23,300,306,302,305,189
1200,AHPC,2012-01-25,305,308,302,308,390
1273,AHPC,2012-01-26,308,314,307,307,1184
1356,AHPC,2012-01-29,307,301,301,301,222
1443,AHPC,2012-01-31,301,307,303,305,128
1533,AHPC,2012-02-01,305,305,302,304,367
1623,AHPC,2012-02-02,304,305,301,304,206
1708,AHPC,2012-02-05,304,310,299,300,501
1790,AHPC,2012-02-06,300,301,300,300,479
1876,AHPC,2012-02-07,300,310,294,299,908
1962,AHPC,2012-02-08,299,296,294,294,469
2043,AHPC,2012-02-09,294,295,290,294,156
2112,AHPC,2012-02-12,294,300,295,296,328
2200,AHPC,2012-02-13,296,301,291,292,1137
2281,AHPC,2012-02-14,292,296,291,296,215
2359,AHPC,2012-02-15,296,297,294,297,173
2443,AHPC,2012-02-16,297,300,296,298,1144
2525,AHPC,2012-02-21,298,300,299,300,141
2604,AHPC,2012-02-23,300,300,296,296,649
2692,AHPC,2012-02-26,296,299,295,296,2080
2780,AHPC,2012-02-27,296,300,295,297,559
2870,AHPC,2012-02-28,297,301,297,300,539
2946,AHPC,2012-02-29,300,300,298,300,565
3027,AHPC,2012-03-01,300,305,299,299,529
3105,AHPC,2012-03-04,299,301,298,301,896
3190,AHPC,2012-03-05,301,307,301,301,225
3268,AHPC,2012-03-06,301,306,301,301,407
3353,AHPC,2012-03-11,301,299,295,299,252
3436,AHPC,2012-03-12,299,300,298,299,192
3519,AHPC,2012-03-13,299,299,297,297,367
3606,AHPC,2012-03-14,297,297,295,297,275
3680,AHPC,2012-03-15,297,299,294,294,426
3753,AHPC,2012-03-18,294,295,293,293,878
3843,AHPC,2012-03-19,293,295,292,292,208
3930,AHPC,2012-03-20,292,296,291,296,1110
4017,AHPC,2012-03-21,296,296,293,294,1444
4097,AHPC,2012-03-25,294,295,290,290,616
4178,AHPC,2012-03-26,290,290,288,290,1934
4254,AHPC,2012-03-27,290,290,290,290,95
4343,AHPC,2012-03-28,290,292,290,291,210
4512,AHPC,2012-04-01,291,300,295,300,128
4596,AHPC,2012-04-02,300,295,295,295,139
4685,AHPC,2012-04-03,295,300,298,299,5557
4771,AHPC,2012-04-04,299,304,298,298,509
4856,AHPC,2012-04-05,298,296,293,295,1954
4942,AHPC,2012-04-08,295,295,285,295,730
5021,AHPC,2012-04-09,295,301,297,298,360
5094,AHPC,2012-04-10,298,300,295,299,219
5168,AHPC,2012-04-11,299,316,303,303,778
5241,AHPC,2012-04-12,303,321,300,321,2237
5325,AHPC,2012-04-15,321,337,327,337,166
5530,AHPC,2012-04-18,337,331,331,331,314
5611,AHPC,2012-04-19,331,337,329,330,2186
5711,AHPC,2012-04-22,330,333,327,327,616
5792,AHPC,2012-04-24,327,336,330,336,342
5861,AHPC,2012-04-25,336,348,342,348,90
5926,AHPC,2012-04-26,348,382,343,382,1291
6021,AHPC,2012-04-29,382,390,368,370,909
6248,AHPC,2012-05-03,370,363,358,358,262
6372,AHPC,2012-05-08,358,365,365,365,31
6439,AHPC,2012-05-09,365,372,329,329,778
6530,AHPC,2012-05-10,329,325,311,320,1628
6620,AHPC,2012-05-13,320,315,308,315,775
6686,AHPC,2012-05-14,315,310,305,307,638
6752,AHPC,2012-05-15,307,326,313,326,399
6817,AHPC,2012-05-16,326,332,332,332,10
6860,AHPC,2012-05-17,332,365,338,358,288
6940,AHPC,2012-05-20,358,351,333,338,2628
7010,AHPC,2012-05-21,338,332,320,323,618
7089,AHPC,2012-05-22,323,324,304,304,2082
7168,AHPC,2012-05-23,304,300,300,300,434
7224,AHPC,2012-05-24,300,311,305,311,84
7306,AHPC,2012-05-27,311,320,312,312,187
7381,AHPC,2012-05-29,312,306,281,281,697
7431,AHPC,2012-05-30,281,276,253,270,1665
7480,AHPC,2012-05-31,270,280,275,280,168
7595,AHPC,2012-06-04,280,285,280,285,379
7669,AHPC,2012-06-05,285,287,276,284,986
7750,AHPC,2012-06-06,284,285,279,285,223
7829,AHPC,2012-06-07,285,290,285,285,195
7905,AHPC,2012-06-10,285,281,280,281,48
7982,AHPC,2012-06-11,281,285,280,285,375
8063,AHPC,2012-06-12,285,288,288,288,28
8149,AHPC,2012-06-13,288,285,284,285,486
8234,AHPC,2012-06-14,285,290,285,285,170
8313,AHPC,2012-06-17,285,280,279,280,202
8397,AHPC,2012-06-18,280,288,285,288,177
8475,AHPC,2012-06-19,288,288,283,288,99
8556,AHPC,2012-06-20,288,289,274,277,1444
8635,AHPC,2012-06-21,277,282,277,282,278
8710,AHPC,2012-06-25,282,292,278,292,635
8787,AHPC,2012-06-26,292,291,291,291,64
8868,AHPC,2012-06-27,291,301,286,295,1102
8943,AHPC,2012-06-28,295,305,299,300,352
9020,AHPC,2012-07-01,300,302,285,302,526
9094,AHPC,2012-07-02,302,306,298,305,323
9178,AHPC,2012-07-03,305,305,301,301,275
9255,AHPC,2012-07-04,301,307,296,299,1168
9332,AHPC,2012-07-05,299,303,294,300,352
9407,AHPC,2012-07-08,300,306,299,306,246
9487,AHPC,2012-07-09,306,305,301,305,110
9566,AHPC,2012-07-10,305,310,305,305,303
9647,AHPC,2012-07-11,305,306,300,306,376
9733,AHPC,2012-07-12,306,305,301,303,330
9819,AHPC,2012-07-15,303,305,302,305,202
9890,AHPC,2012-07-16,305,303,299,301,462
9970,AHPC,2012-07-17,301,306,303,304,106
10056,AHPC,2012-07-18,304,303,300,300,279
10141,AHPC,2012-07-19,300,306,300,306,130
10227,AHPC,2012-07-22,306,318,300,318,158
10311,AHPC,2012-07-23,318,318,306,314,349
10381,AHPC,2012-07-24,314,308,302,305,126
10458,AHPC,2012-07-25,305,308,305,308,512
10539,AHPC,2012-07-26,308,309,306,309,573
10624,AHPC,2012-07-29,309,315,310,315,156
10699,AHPC,2012-07-30,315,310,300,306,1507
10784,AHPC,2012-07-31,306,308,306,308,125
10871,AHPC,2012-08-01,308,308,305,305,242
10959,AHPC,2012-08-05,305,316,301,316,378
11037,AHPC,2012-08-06,316,317,312,315,939
11123,AHPC,2012-08-07,315,316,312,316,1442
11216,AHPC,2012-08-08,316,315,312,315,2553
11302,AHPC,2012-08-12,315,339,320,339,4727
11391,AHPC,2012-08-13,339,352,322,340,1862
11475,AHPC,2012-08-14,340,341,334,335,457
11553,AHPC,2012-08-15,335,336,321,325,2040
11634,AHPC,2012-08-16,325,321,319,319,589
11718,AHPC,2012-08-19,319,350,318,345,2630
11799,AHPC,2012-08-21,345,339,329,332,558
11889,AHPC,2012-08-22,332,335,320,328,1093
11976,AHPC,2012-08-23,328,334,325,330,1819
12068,AHPC,2012-08-26,330,336,325,328,1447
12159,AHPC,2012-08-27,328,334,325,330,729
12253,AHPC,2012-08-28,330,340,326,340,729
12351,AHPC,2012-08-29,340,344,330,338,3702
12440,AHPC,2012-08-30,338,345,340,344,3566
12535,AHPC,2012-09-02,344,346,340,346,905
12630,AHPC,2012-09-03,346,350,335,350,7599
12724,AHPC,2012-09-04,350,348,342,347,239
12818,AHPC,2012-09-05,347,341,340,340,294
12913,AHPC,2012-09-06,340,344,335,341,1707
13003,AHPC,2012-09-09,341,340,333,333,7197
13096,AHPC,2012-09-10,333,339,330,335,10458
13193,AHPC,2012-09-11,335,335,331,332,1211
13293,AHPC,2012-09-12,332,335,330,335,4173
13388,AHPC,2012-09-13,335,335,335,335,155
13491,AHPC,2012-09-16,335,338,322,332,36343
13585,AHPC,2012-09-17,332,342,327,336,8640
13684,AHPC,2012-09-18,336,342,323,330,41410
13776,AHPC,2012-09-19,330,341,326,330,24874
13876,AHPC,2012-09-20,330,333,322,330,18005
13970,AHPC,2012-09-23,330,335,322,328,11641
14063,AHPC,2012-09-24,328,332,322,322,19786
14153,AHPC,2012-09-25,322,330,325,328,849
14244,AHPC,2012-09-26,328,335,332,335,869
14345,AHPC,2012-09-30,334,336,320,332,18465
14444,AHPC,2012-10-01,332,334,326,334,1192
14445,AHPC,2012-10-01,332,334,326,334,1192
14623,AHPC,2012-10-02,334,329,322,325,8123
14718,AHPC,2012-10-03,325,330,322,325,10142
14821,AHPC,2012-10-04,325,330,325,327,4737
14911,AHPC,2012-10-07,327,341,322,341,18494
15010,AHPC,2012-10-08,341,347,326,326,4749
15114,AHPC,2012-10-09,326,336,325,330,19845
15212,AHPC,2012-10-10,330,342,330,330,8034
15305,AHPC,2012-10-11,330,340,325,340,33337
15403,AHPC,2012-10-14,340,352,336,344,2493
15499,AHPC,2012-10-15,344,349,339,344,2171
15582,AHPC,2012-10-17,344,345,335,345,4409
15666,AHPC,2012-10-18,345,346,341,344,1647
15755,AHPC,2012-10-30,344,347,320,332,26759
16080,AHPC,2012-11-05,332,317,294,317,93
16171,AHPC,2012-11-06,317,340,323,330,3980
16267,AHPC,2012-11-07,330,334,329,334,2130
16364,AHPC,2012-11-08,334,340,334,336,2533
16451,AHPC,2012-11-11,336,348,332,332,4576
16531,AHPC,2012-11-12,332,344,329,344,544
16607,AHPC,2012-11-18,344,349,340,341,1836
16691,AHPC,2012-11-20,341,348,345,348,1382
16783,AHPC,2012-11-21,348,350,343,348,1145
16862,AHPC,2012-11-22,348,348,343,347,384
16952,AHPC,2012-11-25,347,354,348,350,1177
17036,AHPC,2012-11-26,350,347,341,347,1856
17126,AHPC,2012-11-27,347,347,340,340,1041
17211,AHPC,2012-11-28,340,338,334,338,531
17291,AHPC,2012-11-29,338,338,320,331,2046
17369,AHPC,2012-12-02,331,326,302,326,7511
17435,AHPC,2012-12-03,326,322,319,319,93
17513,AHPC,2012-12-04,319,336,325,336,689
17598,AHPC,2012-12-05,336,336,325,330,1112
17683,AHPC,2012-12-06,330,331,325,329,2759
17770,AHPC,2012-12-09,329,329,317,317,6426
17854,AHPC,2012-12-10,317,323,317,323,886
17928,AHPC,2012-12-11,323,323,312,312,4820
18005,AHPC,2012-12-12,312,332,314,329,5469
18081,AHPC,2012-12-13,329,335,330,330,1066
18169,AHPC,2012-12-16,330,346,330,334,8710
18246,AHPC,2012-12-17,334,340,330,330,3534
18324,AHPC,2012-12-18,330,329,320,323,12990
18403,AHPC,2012-12-19,323,327,319,321,4591
18487,AHPC,2012-12-20,321,325,318,325,5640
18564,AHPC,2012-12-23,325,328,320,324,12374
18647,AHPC,2012-12-24,324,334,320,332,7029
18726,AHPC,2012-12-26,332,349,335,335,5033
18806,AHPC,2012-12-27,335,336,330,330,3226
18886,AHPC,2012-12-31,330,332,330,330,882
18961,AHPC,2013-01-01,330,330,322,322,3331
19038,AHPC,2013-01-02,322,329,322,328,649
19118,AHPC,2013-01-03,328,330,330,330,231
19194,AHPC,2013-01-06,330,330,320,321,8971
19277,AHPC,2013-01-07,321,325,322,324,925
19358,AHPC,2013-01-08,324,324,324,324,1000
19410,AHPC,2013-01-09,324,320,320,320,978
19482,AHPC,2013-01-10,320,322,320,322,13938
19559,AHPC,2013-01-13,322,323,319,323,454
19638,AHPC,2013-01-15,323,321,321,321,32
19718,AHPC,2013-01-16,321,322,322,322,62
19793,AHPC,2013-01-17,322,320,320,320,500
19949,AHPC,2013-01-21,320,324,322,322,194
20023,AHPC,2013-01-22,322,330,322,329,266
20105,AHPC,2013-01-23,329,328,318,321,1998
20190,AHPC,2013-01-24,321,320,311,311,3998
20279,AHPC,2013-01-28,305,311,305,310,2108
20365,AHPC,2013-01-30,310,310,305,310,2100
20453,AHPC,2013-01-31,310,307,307,307,95
20547,AHPC,2013-02-03,307,318,308,318,1293
20628,AHPC,2013-02-04,318,335,323,335,87
20720,AHPC,2013-02-05,335,353,341,353,40
20811,AHPC,2013-02-06,353,347,341,341,300
21065,AHPC,2013-02-12,341,335,319,320,3841
21144,AHPC,2013-02-13,320,323,318,320,1109
21233,AHPC,2013-02-14,320,324,315,315,1637
21326,AHPC,2013-02-17,315,327,321,327,50
21386,AHPC,2013-02-19,327,347,329,347,4805
21466,AHPC,2013-02-20,347,341,323,329,308
21558,AHPC,2013-02-21,329,323,318,318,1396
21641,AHPC,2013-02-24,318,324,313,316,908
21727,AHPC,2013-02-25,316,315,312,312,331
21809,AHPC,2013-02-26,312,318,312,317,1583
21879,AHPC,2013-02-27,317,315,307,314,2224
21970,AHPC,2013-02-28,314,311,301,305,3170
22047,AHPC,2013-03-03,305,314,305,305,1596
22133,AHPC,2013-03-04,305,310,310,310,511
22298,AHPC,2013-03-06,310,321,315,318,154
22380,AHPC,2013-03-07,318,318,306,312,3134
22467,AHPC,2013-03-11,312,310,304,310,2328
22552,AHPC,2013-03-13,310,307,304,307,1750
22637,AHPC,2013-03-14,307,314,302,309,2770
22717,AHPC,2013-03-17,309,309,305,305,224
22801,AHPC,2013-03-18,305,305,300,304,600
22884,AHPC,2013-03-19,304,309,305,306,126
22973,AHPC,2013-03-20,306,311,305,305,392
23066,AHPC,2013-03-21,305,310,305,310,48
23154,AHPC,2013-03-24,310,309,304,309,124
23316,AHPC,2013-03-27,309,304,300,300,170
23402,AHPC,2013-03-28,300,301,300,300,334
23478,AHPC,2013-03-31,300,294,289,289,182
23556,AHPC,2013-04-01,289,290,279,290,715
23641,AHPC,2013-04-02,290,293,290,292,1900
23722,AHPC,2013-04-03,292,302,292,302,1458
23805,AHPC,2013-04-04,302,301,296,296,1078
23889,AHPC,2013-04-07,296,298,294,295,1200
23974,AHPC,2013-04-08,295,295,292,293,267
24059,AHPC,2013-04-09,293,299,295,298,1461
24148,AHPC,2013-04-11,298,304,294,298,804
24239,AHPC,2013-04-15,298,300,300,300,289
24322,AHPC,2013-04-16,300,300,290,294,3964
24406,AHPC,2013-04-17,294,300,295,300,501
24483,AHPC,2013-04-18,300,300,292,292,674
24868,AHPC,2013-04-28,292,290,290,290,31
24949,AHPC,2013-04-29,290,293,290,293,62
25027,AHPC,2013-04-30,293,288,274,279,360
25115,AHPC,2013-05-02,279,280,274,274,112
25199,AHPC,2013-05-05,274,275,270,271,1762
25274,AHPC,2013-05-06,271,270,265,265,147
25346,AHPC,2013-05-07,265,270,264,270,584
25424,AHPC,2013-05-08,270,280,274,274,171
25503,AHPC,2013-05-09,274,279,269,269,120
25588,AHPC,2013-05-12,269,280,272,280,669
25674,AHPC,2013-05-13,280,287,280,287,398
25758,AHPC,2013-05-14,287,290,281,282,858
25832,AHPC,2013-05-15,282,288,284,288,671
25989,AHPC,2013-05-19,288,285,280,285,1017
26073,AHPC,2013-05-20,285,280,280,280,318
26160,AHPC,2013-05-21,280,285,275,277,387
26243,AHPC,2013-05-22,277,277,275,275,27
26325,AHPC,2013-05-23,275,270,270,270,376
26414,AHPC,2013-05-26,270,270,270,270,110
26496,AHPC,2013-05-27,270,275,272,275,508
26585,AHPC,2013-05-28,275,275,272,275,489
26677,AHPC,2013-05-30,275,280,270,280,108
26761,AHPC,2013-06-02,280,280,275,275,486
26846,AHPC,2013-06-03,275,280,272,280,1132
26934,AHPC,2013-06-04,280,284,279,280,643
27028,AHPC,2013-06-05,280,308,285,305,246
27110,AHPC,2013-06-06,305,304,294,304,97
27276,AHPC,2013-06-10,304,298,278,283,2040
27370,AHPC,2013-06-11,283,280,275,275,551
27451,AHPC,2013-06-12,275,285,280,285,1575
27538,AHPC,2013-06-13,285,299,290,299,39
27627,AHPC,2013-06-16,299,304,283,283,245
27702,AHPC,2013-06-17,283,284,278,278,477
27781,AHPC,2013-06-18,278,280,275,279,250
27872,AHPC,2013-06-19,279,279,270,270,356
27952,AHPC,2013-06-20,270,276,270,276,1926
28037,AHPC,2013-06-23,276,276,270,272,1034
28117,AHPC,2013-06-24,272,275,270,271,2424
28202,AHPC,2013-06-25,271,274,269,270,2885
28286,AHPC,2013-06-26,270,279,274,275,374
28376,AHPC,2013-06-27,275,274,270,271,3263
28464,AHPC,2013-06-30,271,275,273,275,168
28546,AHPC,2013-07-01,275,272,270,272,1271
28633,AHPC,2013-07-02,272,275,268,271,2270
28728,AHPC,2013-07-03,271,276,270,276,251
28818,AHPC,2013-07-04,276,272,265,265,2290
28908,AHPC,2013-07-07,265,269,266,266,422
29001,AHPC,2013-07-08,266,267,264,265,586
29097,AHPC,2013-07-09,265,267,255,263,8242
29186,AHPC,2013-07-10,263,270,264,270,2557
29275,AHPC,2013-07-11,270,271,270,270,142
29359,AHPC,2013-07-14,270,278,275,276,183
29439,AHPC,2013-07-15,276,285,280,285,197
29535,AHPC,2013-07-16,285,280,280,280,138
29702,AHPC,2013-07-18,280,280,275,275,429
29786,AHPC,2013-07-21,275,280,278,280,79
29873,AHPC,2013-07-22,280,280,277,279,1171
29969,AHPC,2013-07-23,279,275,274,275,128
30065,AHPC,2013-07-24,275,270,270,270,18
30154,AHPC,2013-07-25,270,279,271,279,3175
30241,AHPC,2013-07-28,279,285,278,280,3155
30324,AHPC,2013-07-29,280,290,285,285,1210
30423,AHPC,2013-07-30,285,300,289,300,4986
30522,AHPC,2013-07-31,300,310,299,303,4522
30617,AHPC,2013-08-01,303,309,300,302,4272
30717,AHPC,2013-08-04,302,332,297,317,10231
30816,AHPC,2013-08-05,317,329,315,320,13354
30911,AHPC,2013-08-06,320,324,309,320,2040
31005,AHPC,2013-08-07,320,324,313,318,8249
31107,AHPC,2013-08-08,318,320,309,317,13610
31203,AHPC,2013-08-11,276,275,271,275,261
31307,AHPC,2013-08-12,275,277,266,266,494
31417,AHPC,2013-08-13,266,263,261,263,82
31521,AHPC,2013-08-14,263,268,265,268,1213
31626,AHPC,2013-08-15,268,275,273,275,250
31740,AHPC,2013-08-18,275,280,275,275,2212
31841,AHPC,2013-08-19,275,295,279,295,691
31950,AHPC,2013-08-20,295,300,294,294,429
32064,AHPC,2013-08-25,294,300,294,300,1046
32179,AHPC,2013-08-26,300,300,298,299,2819
32293,AHPC,2013-08-27,299,300,290,295,2463
32404,AHPC,2013-08-29,295,299,290,299,2320
32512,AHPC,2013-09-01,299,300,295,296,1135
32625,AHPC,2013-09-02,296,296,291,291,817
32738,AHPC,2013-09-03,291,298,294,297,4502
32848,AHPC,2013-09-04,297,310,291,298,5771
32957,AHPC,2013-09-05,298,306,300,306,4541
33062,AHPC,2013-09-08,306,312,306,312,2224
33159,AHPC,2013-09-09,312,322,309,322,2398
33263,AHPC,2013-09-10,322,325,315,318,3593
33378,AHPC,2013-09-11,318,325,315,320,3707
33489,AHPC,2013-09-12,320,320,315,315,2323
33588,AHPC,2013-09-15,315,323,318,320,2966
33699,AHPC,2013-09-16,320,323,320,321,3505
33802,AHPC,2013-09-17,321,325,320,323,2202
33915,AHPC,2013-09-19,323,323,318,320,640
34018,AHPC,2013-09-22,320,315,312,312,1700
34128,AHPC,2013-09-23,312,306,299,306,10077
34224,AHPC,2013-09-24,306,307,300,300,13981
34325,AHPC,2013-09-25,300,301,300,301,10820
34421,AHPC,2013-09-26,301,302,300,300,5325
34518,AHPC,2013-09-29,300,301,300,300,1345
34626,AHPC,2013-09-30,300,312,306,307,3028
34724,AHPC,2013-10-01,307,313,306,307,2531
34825,AHPC,2013-10-02,307,310,305,307,1277
34920,AHPC,2013-10-03,307,310,307,307,1024
35019,AHPC,2013-10-06,307,305,304,304,1535
35196,AHPC,2013-10-08,304,316,307,315,9465
35288,AHPC,2013-10-09,315,321,318,320,3505
35370,AHPC,2013-10-10,320,332,322,328,3779
35452,AHPC,2013-10-17,328,334,328,334,1150
35515,AHPC,2013-10-20,334,367,338,360,12304
35603,AHPC,2013-10-21,360,369,354,354,8508
35694,AHPC,2013-10-22,354,354,340,340,3134
35792,AHPC,2013-10-23,340,340,330,339,528
35885,AHPC,2013-10-24,339,357,335,357,1735
35979,AHPC,2013-10-27,357,350,339,341,3026
36073,AHPC,2013-10-28,341,341,336,336,5246
36169,AHPC,2013-10-29,336,342,335,335,5004
36274,AHPC,2013-10-30,335,342,340,340,1622
36368,AHPC,2013-10-31,340,346,340,340,2017
36466,AHPC,2013-11-06,340,340,340,340,3800
36546,AHPC,2013-11-07,340,340,340,340,4318
36681,AHPC,2013-11-11,347,351,346,350,5165
36770,AHPC,2013-11-12,350,360,345,360,5057
36858,AHPC,2013-11-13,360,365,353,353,9310
36956,AHPC,2013-11-14,353,357,352,354,3593
37053,AHPC,2013-11-21,354,375,361,375,581
37109,AHPC,2013-11-24,375,400,382,396,5527
37203,AHPC,2013-11-25,396,392,380,383,2813
37304,AHPC,2013-11-26,383,392,380,380,3576
37407,AHPC,2013-11-27,380,383,375,375,7535
37509,AHPC,2013-11-28,375,375,368,369,4703
37616,AHPC,2013-12-01,369,393,370,390,6383
37726,AHPC,2013-12-02,390,404,395,404,9094
37832,AHPC,2013-12-03,404,423,403,423,23272
37946,AHPC,2013-12-04,423,463,431,445,19856
38053,AHPC,2013-12-05,446,462,430,457,36890
38175,AHPC,2013-12-08,457,478,457,461,23774
38292,AHPC,2013-12-09,461,507,461,505,43923
38408,AHPC,2013-12-10,505,554,501,531,20439
38530,AHPC,2013-12-11,531,545,522,525,13153
38650,AHPC,2013-12-12,525,535,515,525,15802
38768,AHPC,2013-12-15,525,545,516,530,15213
38876,AHPC,2013-12-16,530,551,539,542,21023
38972,AHPC,2013-12-18,542,575,545,575,6974
39070,AHPC,2013-12-19,575,575,540,555,17136
39175,AHPC,2013-12-22,555,555,540,544,11296
39292,AHPC,2013-12-23,550,545,538,540,4391
39401,AHPC,2013-12-24,540,550,531,550,2421
39512,AHPC,2013-12-26,550,570,540,540,5350
39628,AHPC,2013-12-29,540,558,536,554,9619
39735,AHPC,2013-12-31,554,575,535,570,57046
39833,AHPC,2014-01-01,570,610,561,600,39460
39935,AHPC,2014-01-02,600,598,560,596,30856
40031,AHPC,2014-01-05,596,600,579,590,10636
40141,AHPC,2014-01-06,590,591,570,591,5626
40247,AHPC,2014-01-07,591,605,574,580,9287
40349,AHPC,2014-01-08,580,591,570,581,11168
40456,AHPC,2014-01-09,581,592,560,582,33079
40562,AHPC,2014-01-12,582,593,575,581,9483
40675,AHPC,2014-01-13,581,592,580,585,2427
40789,AHPC,2014-01-14,585,590,579,580,13117
40905,AHPC,2014-01-16,580,605,585,595,15679
41016,AHPC,2014-01-19,595,608,592,596,9768
41114,AHPC,2014-01-20,596,610,596,602,15907
41234,AHPC,2014-01-21,602,617,595,617,26717
41354,AHPC,2014-01-22,617,610,594,595,15057
41478,AHPC,2014-01-23,595,615,597,615,45203
41602,AHPC,2014-01-26,615,618,594,607,58996
41731,AHPC,2014-01-27,607,619,600,615,31083
41855,AHPC,2014-01-28,615,668,615,650,54687
41972,AHPC,2014-01-29,650,661,620,638,101096
42095,AHPC,2014-02-02,638,657,625,648,38803
42214,AHPC,2014-02-03,648,655,631,640,28090
42334,AHPC,2014-02-04,640,656,635,650,13328
42445,AHPC,2014-02-06,662,701,671,698,31277
42573,AHPC,2014-02-09,698,713,684,695,46645
42701,AHPC,2014-02-10,695,714,668,682,33184
42814,AHPC,2014-02-11,682,694,660,682,49224
42934,AHPC,2014-02-12,682,685,644,650,122454
43062,AHPC,2014-02-13,375,389,382,389,82
43185,AHPC,2014-02-16,389,427,396,427,750
43308,AHPC,2014-02-17,427,469,435,469,1988
43441,AHPC,2014-02-18,469,515,478,495,11343
43572,AHPC,2014-02-20,495,503,476,484,5087
43695,AHPC,2014-02-23,484,490,460,460,12189
43821,AHPC,2014-02-24,460,484,460,460,16114
43947,AHPC,2014-02-25,460,469,459,469,4648
44071,AHPC,2014-02-26,469,481,455,455,3836
44199,AHPC,2014-03-03,455,456,433,441,5203
44313,AHPC,2014-03-04,441,440,427,438,2322
44419,AHPC,2014-03-05,438,463,430,451,2440
44541,AHPC,2014-03-06,451,451,437,446,1478
44671,AHPC,2014-03-09,446,450,450,450,67
44796,AHPC,2014-03-10,450,450,433,439,814
44911,AHPC,2014-03-11,439,440,400,412,9884
45031,AHPC,2014-03-12,412,407,399,400,7964
45149,AHPC,2014-03-13,400,408,400,400,10034
45150,AHPC,2014-03-13,400,408,400,400,10034
45311,AHPC,2014-03-17,400,399,385,385,1481
45435,AHPC,2014-03-18,385,386,360,360,3452
45544,AHPC,2014-03-19,360,395,360,383,9758
45660,AHPC,2014-03-20,383,400,390,399,5561
45783,AHPC,2014-03-23,399,401,396,400,828
45906,AHPC,2014-03-24,400,400,392,399,3115
46033,AHPC,2014-03-25,399,405,395,398,3465
46157,AHPC,2014-03-26,398,400,390,392,3461
46289,AHPC,2014-03-27,392,400,394,400,4707
46413,AHPC,2014-03-31,400,415,400,412,3806
46541,AHPC,2014-04-01,412,444,420,440,2853
46673,AHPC,2014-04-02,440,484,436,480,10178
46806,AHPC,2014-04-03,480,510,466,498,9172
46935,AHPC,2014-04-06,498,499,453,460,3871
47062,AHPC,2014-04-07,460,456,448,449,4414
47181,AHPC,2014-04-09,449,460,449,459,2535
47306,AHPC,2014-04-10,459,468,450,468,4374
47426,AHPC,2014-04-13,468,470,465,470,2003
47553,AHPC,2014-04-15,470,479,470,470,6204
47676,AHPC,2014-04-16,470,478,466,472,4895
47795,AHPC,2014-04-17,472,470,462,465,2467
47921,AHPC,2014-04-20,465,470,450,451,7050
48050,AHPC,2014-04-21,451,460,445,449,5303
48174,AHPC,2014-04-22,449,452,449,450,2464
48303,AHPC,2014-04-23,450,468,446,450,9625
48434,AHPC,2014-04-27,450,460,450,455,5598
48559,AHPC,2014-04-28,455,464,450,464,2923
48692,AHPC,2014-04-29,464,460,451,451,2877
48823,AHPC,2014-04-30,451,455,442,446,6858
48953,AHPC,2014-05-04,446,454,435,443,4403
49078,AHPC,2014-05-05,443,446,435,444,10800
49200,AHPC,2014-05-06,444,452,444,451,6809
49332,AHPC,2014-05-07,451,457,422,443,11120
49471,AHPC,2014-05-08,443,444,430,432,12906
49604,AHPC,2014-05-11,432,440,427,430,9930
49739,AHPC,2014-05-12,430,442,417,431,5807
49872,AHPC,2014-05-13,431,435,425,432,3379
50008,AHPC,2014-05-15,432,432,425,427,2011
50009,AHPC,2014-05-15,432,432,425,427,2011
50258,AHPC,2014-05-18,427,428,420,420,2160
50396,AHPC,2014-05-19,420,430,415,420,6231
50526,AHPC,2014-05-20,420,430,411,430,3202
50663,AHPC,2014-05-21,430,425,419,420,4824
50798,AHPC,2014-05-22,420,424,419,424,5616
50941,AHPC,2014-05-25,424,433,423,423,11337
51078,AHPC,2014-05-26,423,426,420,420,5073
51218,AHPC,2014-05-27,420,425,412,417,9612
51351,AHPC,2014-05-28,417,425,409,411,12430
51495,AHPC,2014-06-01,411,418,406,409,19346
51642,AHPC,2014-06-02,409,423,413,418,12477
51785,AHPC,2014-06-03,418,435,418,429,13739
51933,AHPC,2014-06-04,429,435,425,435,7162
52066,AHPC,2014-06-05,435,430,425,428,2724
52207,AHPC,2014-06-08,428,437,425,434,2495
52337,AHPC,2014-06-09,434,442,428,433,6865
52477,AHPC,2014-06-10,433,435,428,429,5816
52618,AHPC,2014-06-11,429,434,428,430,3096
52758,AHPC,2014-06-12,430,430,423,430,3842
52896,AHPC,2014-06-15,430,438,425,431,23092
53027,AHPC,2014-06-16,431,459,435,435,11289
53160,AHPC,2014-06-17,435,448,435,441,10346
53161,AHPC,2014-06-17,435,448,435,441,10346
53432,AHPC,2014-06-18,441,449,438,442,16420
53577,AHPC,2014-06-19,442,443,436,436,6176
53714,AHPC,2014-06-23,436,430,422,422,4187
53834,AHPC,2014-06-24,422,435,425,430,12271
53968,AHPC,2014-06-25,430,433,425,430,12703
54106,AHPC,2014-06-26,430,438,427,430,14697
54243,AHPC,2014-06-29,430,438,428,430,25038
54374,AHPC,2014-06-30,430,439,425,435,21073
54513,AHPC,2014-07-01,435,450,428,438,43058
54663,AHPC,2014-07-02,438,481,435,481,181213
54800,AHPC,2014-07-03,481,529,472,526,173554
54941,AHPC,2014-07-06,526,565,536,558,91713
55087,AHPC,2014-07-07,558,580,531,537,79676
55245,AHPC,2014-07-08,537,551,529,540,65576
55399,AHPC,2014-07-09,540,550,532,536,21978
55543,AHPC,2014-07-10,536,543,520,540,33101
55686,AHPC,2014-07-13,540,565,536,546,31424
55831,AHPC,2014-07-14,546,549,530,536,31499
55974,AHPC,2014-07-15,536,544,530,533,23254
56116,AHPC,2014-07-16,533,546,525,531,30929
56270,AHPC,2014-07-17,531,551,531,540,29574
56423,AHPC,2014-07-20,540,560,530,546,63663
56573,AHPC,2014-07-21,546,555,540,546,45770
56721,AHPC,2014-07-22,546,550,532,535,23144
56874,AHPC,2014-07-23,535,556,538,553,44535
57027,AHPC,2014-07-24,553,556,540,545,28811
57181,AHPC,2014-07-27,545,566,546,550,17955
57325,AHPC,2014-07-28,550,555,535,544,5645
57450,AHPC,2014-07-30,544,554,530,540,21293
57606,AHPC,2014-07-31,540,551,536,536,11784
57759,AHPC,2014-08-03,536,542,535,536,15092
57913,AHPC,2014-08-04,536,541,523,541,11454
58059,AHPC,2014-08-05,541,560,525,532,45163
58210,AHPC,2014-08-06,532,542,508,540,31619
58358,AHPC,2014-08-07,540,545,506,513,43530
58503,AHPC,2014-08-12,513,510,492,493,10316
58630,AHPC,2014-08-13,493,510,483,507,14594
58764,AHPC,2014-08-14,507,552,500,504,18250
58909,AHPC,2014-08-18,504,512,485,489,31098
59057,AHPC,2014-08-19,489,500,478,484,37489
59201,AHPC,2014-08-20,484,489,470,477,49533
59339,AHPC,2014-08-21,477,476,433,476,60787
59471,AHPC,2014-08-24,433,441,417,425,4361
59608,AHPC,2014-08-25,425,420,392,399,8257
59727,AHPC,2014-08-26,399,408,390,395,11296
59852,AHPC,2014-08-27,395,423,400,402,19093
59992,AHPC,2014-08-28,402,420,402,402,21754
60135,AHPC,2014-08-31,402,408,397,400,4360
60270,AHPC,2014-09-01,400,398,375,390,12355
60401,AHPC,2014-09-03,390,401,389,390,6471
60527,AHPC,2014-09-04,390,388,364,380,6248
60660,AHPC,2014-09-07,380,382,370,373,9195
60787,AHPC,2014-09-09,373,391,372,385,24837
60922,AHPC,2014-09-10,385,399,380,384,13305
61063,AHPC,2014-09-11,384,384,377,380,3617
61187,AHPC,2014-09-14,380,387,372,380,6156
61312,AHPC,2014-09-15,380,385,375,385,7966
61447,AHPC,2014-09-16,385,388,380,385,4776
61578,AHPC,2014-09-17,385,388,380,383,4429
61710,AHPC,2014-09-18,383,385,376,382,3101
61845,AHPC,2014-09-21,382,375,360,363,13965
61973,AHPC,2014-09-22,363,370,348,348,3918
62097,AHPC,2014-09-23,348,370,350,361,2487
62222,AHPC,2014-09-24,361,386,362,386,2232
62354,AHPC,2014-09-28,386,397,381,396,4265
62488,AHPC,2014-09-29,396,408,389,400,4911
62616,AHPC,2014-09-30,400,407,387,387,10947
62735,AHPC,2014-10-08,387,380,380,380,97
62841,AHPC,2014-10-09,380,380,373,380,3445
62973,AHPC,2014-10-12,380,381,363,375,4927
63101,AHPC,2014-10-13,375,380,360,375,10243
63228,AHPC,2014-10-14,375,376,369,374,4101
63354,AHPC,2014-10-15,374,379,374,376,4234
63490,AHPC,2014-10-16,376,384,380,384,2263
63630,AHPC,2014-10-19,384,386,370,376,5059
63751,AHPC,2014-10-20,376,388,369,378,1465
63873,AHPC,2014-10-21,378,391,371,391,3242
64000,AHPC,2014-10-22,391,391,385,387,2382
64126,AHPC,2014-10-26,387,390,384,384,600
64237,AHPC,2014-10-27,384,394,380,380,4355
64360,AHPC,2014-10-28,380,390,381,381,2747
64486,AHPC,2014-10-30,381,382,375,379,1153
64613,AHPC,2014-11-02,379,379,368,368,2538
64746,AHPC,2014-11-03,368,370,361,368,3894
64877,AHPC,2014-11-04,368,367,358,365,5407
64999,AHPC,2014-11-05,365,370,352,366,3375
65128,AHPC,2014-11-06,366,370,363,367,2942
65261,AHPC,2014-11-09,367,366,354,360,10021
65387,AHPC,2014-11-10,360,361,350,352,6199
65512,AHPC,2014-11-11,352,370,352,370,4739
65646,AHPC,2014-11-12,370,369,361,361,1205
65780,AHPC,2014-11-13,361,361,355,359,4011
65914,AHPC,2014-11-16,359,362,351,353,3335
66042,AHPC,2014-11-17,353,355,333,340,7615
66172,AHPC,2014-11-18,340,346,330,340,5172
66296,AHPC,2014-11-19,340,359,340,350,4637
66422,AHPC,2014-11-20,350,370,355,365,2633
66554,AHPC,2014-11-23,365,380,358,363,7276
66686,AHPC,2014-11-24,363,361,355,355,5067
66812,AHPC,2014-11-25,355,360,350,354,3039
66938,AHPC,2014-11-30,354,363,350,355,2169
67055,AHPC,2014-12-01,355,360,347,347,4993
67179,AHPC,2014-12-02,347,352,342,343,6539
67289,AHPC,2014-12-03,343,357,337,350,7340
67417,AHPC,2014-12-04,350,356,350,350,4714
67535,AHPC,2014-12-07,350,355,348,350,3241
67655,AHPC,2014-12-08,350,352,350,350,1552
67782,AHPC,2014-12-09,350,351,349,350,1542
67907,AHPC,2014-12-10,350,364,350,352,4880
68027,AHPC,2014-12-11,352,362,348,362,6769
68157,AHPC,2014-12-14,362,390,369,382,6083
68282,AHPC,2014-12-15,382,391,361,384,17687
68408,AHPC,2014-12-16,384,381,370,374,10113
68537,AHPC,2014-12-17,374,376,367,370,4450
68666,AHPC,2014-12-18,370,367,356,362,4696
68797,AHPC,2014-12-21,362,358,355,357,2254
68917,AHPC,2014-12-22,357,357,351,355,2677
69042,AHPC,2014-12-23,355,354,346,350,7836
69167,AHPC,2014-12-24,350,360,350,353,13872
69300,AHPC,2014-12-28,353,374,355,374,5716
69301,AHPC,2014-12-28,353,374,355,374,5716
69543,AHPC,2014-12-29,374,372,362,372,1849
69662,AHPC,2014-12-31,372,365,355,362,5587
69784,AHPC,2015-01-01,362,365,360,360,2812
69915,AHPC,2015-01-04,360,367,358,362,6607
70042,AHPC,2015-01-05,362,369,360,362,8022
70176,AHPC,2015-01-06,362,369,351,355,3966
70317,AHPC,2015-01-07,355,365,352,357,12041
70454,AHPC,2015-01-08,357,370,355,360,12627
70598,AHPC,2015-01-11,360,365,355,357,7686
70738,AHPC,2015-01-12,357,360,351,359,6692
70882,AHPC,2015-01-13,359,366,353,366,3131
71016,AHPC,2015-01-14,366,370,365,367,3870
71160,AHPC,2015-01-18,367,370,363,363,5197
71298,AHPC,2015-01-19,363,398,369,375,11524
71450,AHPC,2015-01-20,375,380,366,369,5260
71583,AHPC,2015-01-22,369,373,363,367,5315
71711,AHPC,2015-01-25,367,372,355,372,3018
71850,AHPC,2015-01-26,372,375,361,366,4844
72003,AHPC,2015-01-27,366,374,350,374,20013
72155,AHPC,2015-01-28,374,388,370,375,12374
72299,AHPC,2015-01-29,375,380,369,375,12603
72442,AHPC,2015-02-01,375,373,368,373,12533
72591,AHPC,2015-02-02,373,378,370,372,3067
72736,AHPC,2015-02-03,372,371,365,370,6489
72874,AHPC,2015-02-04,370,368,360,363,3334
73026,AHPC,2015-02-05,363,365,360,362,8844
73171,AHPC,2015-02-08,362,368,359,360,10918
73319,AHPC,2015-02-09,360,365,354,360,8575
73461,AHPC,2015-02-10,360,364,357,360,4313
73608,AHPC,2015-02-11,360,363,346,363,4575
73752,AHPC,2015-02-12,363,365,358,358,3601
73907,AHPC,2015-02-15,358,360,351,354,11221
74058,AHPC,2015-02-16,354,354,343,352,18079
74059,AHPC,2015-02-16,354,354,343,352,18079
74361,AHPC,2015-02-18,352,361,350,353,6118
74513,AHPC,2015-02-22,353,353,347,348,9716
74656,AHPC,2015-02-23,348,354,342,348,3972
74795,AHPC,2015-02-24,348,349,343,348,4136
74933,AHPC,2015-02-25,348,350,343,348,9581
75069,AHPC,2015-02-26,348,356,346,355,2698
75203,AHPC,2015-03-01,355,349,345,347,2959
75345,AHPC,2015-03-02,347,351,347,351,6723
75484,AHPC,2015-03-03,351,357,345,346,3217
75627,AHPC,2015-03-04,346,354,341,350,3456
75775,AHPC,2015-03-09,350,355,350,354,9350
75929,AHPC,2015-03-10,354,353,348,349,1925
76073,AHPC,2015-03-11,349,354,346,352,5899
76225,AHPC,2015-03-12,352,355,348,348,1520
76377,AHPC,2015-03-15,348,348,344,345,5636
76508,AHPC,2015-03-16,345,348,340,341,7456
76648,AHPC,2015-03-17,341,345,335,345,2278
76784,AHPC,2015-03-18,345,346,335,344,5413
76923,AHPC,2015-03-19,344,358,342,358,4124
77060,AHPC,2015-03-22,358,368,345,347,4075
77194,AHPC,2015-03-23,347,345,334,341,7523
77326,AHPC,2015-03-24,341,346,335,340,2149
77455,AHPC,2015-03-25,340,344,340,343,3185
77584,AHPC,2015-03-26,343,343,337,341,4501
77708,AHPC,2015-03-29,341,341,335,336,4270
77826,AHPC,2015-03-30,336,345,334,345,2845
77950,AHPC,2015-03-31,345,343,337,342,5880
78077,AHPC,2015-04-01,342,346,340,343,1514
78198,AHPC,2015-04-02,343,342,337,337,3753
78328,AHPC,2015-04-05,337,343,338,340,2685
78441,AHPC,2015-04-06,340,340,332,336,3670
78561,AHPC,2015-04-07,336,340,333,338,2975
78681,AHPC,2015-04-08,338,340,335,339,3230
78815,AHPC,2015-04-09,339,342,334,336,3751
78945,AHPC,2015-04-12,336,348,342,344,2840
79079,AHPC,2015-04-13,344,347,340,345,4619
79197,AHPC,2015-04-15,345,345,340,345,1709
79321,AHPC,2015-04-16,345,341,337,337,2693
79440,AHPC,2015-04-19,337,345,334,345,7789
79562,AHPC,2015-04-20,345,348,340,348,5167
79679,AHPC,2015-04-21,348,351,349,350,849
79803,AHPC,2015-04-22,350,352,342,350,2309
79924,AHPC,2015-04-23,350,347,340,346,3665
80050,AHPC,2015-05-24,346,340,322,322,46
80085,AHPC,2015-05-25,322,316,290,290,1062
80135,AHPC,2015-05-26,290,295,272,275,15445
80203,AHPC,2015-05-27,275,278,255,265,7572
80272,AHPC,2015-05-28,265,280,265,279,7879
80348,AHPC,2015-05-31,279,300,282,299,7909
80440,AHPC,2015-06-01,299,309,300,302,8778
80533,AHPC,2015-06-02,302,308,295,308,6997
80636,AHPC,2015-06-03,308,322,304,322,4734
80756,AHPC,2015-06-04,322,326,320,326,9099
80871,AHPC,2015-06-07,326,331,322,330,4996
80992,AHPC,2015-06-08,330,351,330,346,4529
80993,AHPC,2015-06-08,330,351,330,346,4529
80994,AHPC,2015-06-08,330,351,330,346,4529
81368,AHPC,2015-06-09,346,358,350,353,8335
81506,AHPC,2015-06-10,353,360,340,340,1489
81625,AHPC,2015-06-11,340,334,324,327,7078
81739,AHPC,2015-06-14,327,330,324,325,7918
81856,AHPC,2015-06-15,325,335,325,335,4294
81978,AHPC,2015-06-16,334,335,323,328,4779
82104,AHPC,2015-06-17,328,334,322,329,2616
82228,AHPC,2015-06-18,329,335,335,335,32
82349,AHPC,2015-06-21,335,334,314,318,2379
82464,AHPC,2015-06-22,318,324,312,318,7014
82596,AHPC,2015-06-23,318,323,312,323,6719
82721,AHPC,2015-06-24,323,333,318,318,2008
82850,AHPC,2015-06-25,318,333,317,324,4048
82980,AHPC,2015-06-28,324,326,318,320,8532
83107,AHPC,2015-06-29,320,326,319,325,3261
83236,AHPC,2015-06-30,325,325,320,321,1106
83372,AHPC,2015-07-01,321,325,318,318,5335
83502,AHPC,2015-07-02,318,318,312,315,3214
83633,AHPC,2015-07-05,315,316,309,315,2399
83759,AHPC,2015-07-06,315,319,314,315,5348
83893,AHPC,2015-07-07,315,324,312,312,3154
84026,AHPC,2015-07-08,312,331,315,331,573
84168,AHPC,2015-07-09,331,325,314,319,3088
84300,AHPC,2015-07-12,319,319,317,318,4179
84419,AHPC,2015-07-13,318,322,315,318,7194
84562,AHPC,2015-07-14,318,321,318,321,4121
84701,AHPC,2015-07-15,321,322,318,322,3872
84844,AHPC,2015-07-16,322,321,317,319,881
84986,AHPC,2015-07-22,319,320,313,316,8554
85133,AHPC,2015-07-23,316,322,317,320,9595
85284,AHPC,2015-07-26,320,344,326,344,1700
85398,AHPC,2015-07-27,344,350,323,323,5870
85545,AHPC,2015-07-28,323,319,310,310,9134
85682,AHPC,2015-07-29,310,313,305,308,9298
85827,AHPC,2015-07-30,308,319,309,313,16138
85969,AHPC,2015-08-02,313,314,308,312,1361
86088,AHPC,2015-08-03,312,311,304,305,10963
86221,AHPC,2015-08-04,305,313,305,310,6855
86365,AHPC,2015-08-05,310,314,305,308,7533
86511,AHPC,2015-08-06,308,313,300,300,10766
86653,AHPC,2015-08-09,300,310,300,303,18895
86792,AHPC,2015-08-10,303,308,300,304,13455
86921,AHPC,2015-08-11,304,305,298,300,14170
87055,AHPC,2015-08-12,300,304,295,300,6365
87192,AHPC,2015-08-13,300,301,298,298,11156
87327,AHPC,2015-08-16,298,306,272,288,5088
87460,AHPC,2015-08-17,288,303,292,299,6382
87589,AHPC,2015-08-18,299,300,294,294,9602
87590,AHPC,2015-08-18,299,300,294,294,9602
87851,AHPC,2015-08-19,294,300,288,296,11580
87990,AHPC,2015-08-20,296,298,290,292,14022
88134,AHPC,2015-08-23,292,287,272,275,10384
88274,AHPC,2015-08-24,275,286,265,280,24531
88403,AHPC,2015-08-25,280,284,265,280,17311
88530,AHPC,2015-08-26,280,285,271,281,17432
88660,AHPC,2015-08-27,281,283,277,283,2219
88799,AHPC,2015-08-31,283,283,275,277,2512
88931,AHPC,2015-09-01,277,282,272,282,18241
89067,AHPC,2015-09-02,282,285,280,283,2160
89200,AHPC,2015-09-03,283,287,280,286,4379
89330,AHPC,2015-09-06,286,285,278,280,7040
89453,AHPC,2015-09-07,280,279,268,278,3764
89585,AHPC,2015-09-08,278,277,271,277,4777
89720,AHPC,2015-09-09,277,282,275,280,3125
89849,AHPC,2015-09-10,280,280,274,279,3873
89985,AHPC,2015-09-13,279,277,270,270,7073
90119,AHPC,2015-09-14,270,283,274,280,1639
90254,AHPC,2015-09-15,280,288,282,284,6124
90398,AHPC,2015-09-16,284,285,280,280,2247
90537,AHPC,2015-09-17,280,285,280,284,4486
90677,AHPC,2015-09-22,284,280,280,280,369
90806,AHPC,2015-09-23,280,299,282,291,6330
90923,AHPC,2015-09-24,291,286,280,280,2688
91154,AHPC,2015-09-29,280,281,276,280,9447
91273,AHPC,2015-09-30,280,283,280,281,1700
91400,AHPC,2015-10-01,281,280,271,276,1632
91521,AHPC,2015-10-04,276,280,273,276,10168
91635,AHPC,2015-10-05,276,278,273,278,4836
91753,AHPC,2015-10-06,278,279,273,275,5098
91876,AHPC,2015-10-07,275,274,267,274,4193
91990,AHPC,2015-10-08,274,277,266,277,4508
92115,AHPC,2015-10-11,277,279,272,277,13224
92233,AHPC,2015-10-14,277,273,271,271,201
92350,AHPC,2015-10-15,271,273,266,266,884
92465,AHPC,2015-10-18,266,270,261,266,2058
92713,AHPC,2015-10-27,266,266,257,259,1846
92797,AHPC,2015-10-28,259,255,251,255,2002
92882,AHPC,2015-10-29,255,265,255,265,1607
92981,AHPC,2015-11-01,265,273,267,269,6745
93090,AHPC,2015-11-02,269,280,269,275,2115
93192,AHPC,2015-11-03,275,281,275,281,2583
93295,AHPC,2015-11-04,281,280,272,272,2788
93398,AHPC,2015-11-05,272,299,270,299,2874
93496,AHPC,2015-11-08,299,296,289,296,296
93595,AHPC,2015-11-09,296,291,271,272,734
93706,AHPC,2015-11-10,272,275,268,272,4406
93816,AHPC,2015-11-15,272,270,262,270,303
93910,AHPC,2015-11-16,270,270,268,268,2184
94017,AHPC,2015-11-18,268,273,268,271,2833
94128,AHPC,2015-11-19,271,270,265,267,1550
94231,AHPC,2015-11-22,267,265,255,256,6871
94345,AHPC,2015-11-23,256,261,252,261,1376
94449,AHPC,2015-11-24,261,278,260,278,4441
94558,AHPC,2015-11-25,278,273,258,268,2639
94674,AHPC,2015-11-26,268,268,258,260,1484
94787,AHPC,2015-11-29,260,256,251,253,4283
94892,AHPC,2015-11-30,253,267,255,267,3588
94996,AHPC,2015-12-01,267,266,260,264,5524
95110,AHPC,2015-12-02,264,275,257,275,4455
95216,AHPC,2015-12-03,275,280,269,280,482
95324,AHPC,2015-12-06,280,279,270,270,2748
95439,AHPC,2015-12-07,270,265,260,260,4152
95560,AHPC,2015-12-08,260,263,258,263,3447
95687,AHPC,2015-12-09,263,265,260,265,3823
95813,AHPC,2015-12-10,265,268,260,263,3245
95936,AHPC,2015-12-13,263,272,263,270,3276
96064,AHPC,2015-12-14,270,270,264,270,531
96178,AHPC,2015-12-15,270,267,258,265,1957
96296,AHPC,2015-12-16,265,265,260,260,10395
96420,AHPC,2015-12-17,260,261,257,260,6204
96542,AHPC,2015-12-20,260,260,258,260,10840
96666,AHPC,2015-12-21,260,259,255,258,2708
96785,AHPC,2015-12-22,258,263,257,258,4944
96909,AHPC,2015-12-23,258,261,255,260,1794
97037,AHPC,2015-12-24,260,260,253,258,1469
97162,AHPC,2015-12-27,258,263,255,259,1606
97286,AHPC,2015-12-28,259,258,253,255,11495
97410,AHPC,2015-12-29,255,262,254,255,2124
97535,AHPC,2015-12-31,255,264,254,260,4564
97662,AHPC,2016-01-03,260,258,253,256,3910
97791,AHPC,2016-01-04,256,261,254,257,5072
97920,AHPC,2016-01-05,257,275,252,270,8473
98048,AHPC,2016-01-06,270,268,254,262,5504
98180,AHPC,2016-01-07,262,265,254,256,5041
98308,AHPC,2016-01-10,256,261,255,257,4883
98437,AHPC,2016-01-11,257,261,250,260,10060
98571,AHPC,2016-01-12,260,260,253,260,6323
98572,AHPC,2016-01-12,260,260,253,260,6323
98825,AHPC,2016-01-13,260,265,255,260,8237
98958,AHPC,2016-01-14,260,266,257,260,11367
99272,AHPC,2016-01-19,260,285,265,285,50
99361,AHPC,2016-01-20,285,312,290,312,50
99451,AHPC,2016-01-21,312,343,318,343,2600
99545,AHPC,2016-01-24,343,349,345,349,210
99645,AHPC,2016-01-25,349,361,355,361,226
99841,AHPC,2016-01-27,361,354,354,354,20
99941,AHPC,2016-01-28,354,347,341,341,44
100147,AHPC,2016-02-01,341,335,335,335,100
100484,AHPC,2016-02-04,335,329,329,329,10
100608,AHPC,2016-02-07,329,323,297,297,5570
100731,AHPC,2016-02-08,297,322,281,305,30502
100851,AHPC,2016-02-11,305,305,294,295,7276
100966,AHPC,2016-02-14,295,304,290,300,14582
101087,AHPC,2016-02-15,300,310,297,298,9010
101205,AHPC,2016-02-16,298,303,290,299,4320
101324,AHPC,2016-02-17,299,299,294,298,3025
101444,AHPC,2016-02-18,298,300,294,296,7735
101562,AHPC,2016-02-21,296,301,298,301,10123
101675,AHPC,2016-02-22,301,306,297,306,11438
101799,AHPC,2016-02-23,306,302,301,301,3494
101915,AHPC,2016-02-24,301,300,297,300,1230
102034,AHPC,2016-02-25,300,298,295,298,1770
102150,AHPC,2016-02-28,298,303,294,294,6537
102268,AHPC,2016-02-29,294,293,290,290,2597
102389,AHPC,2016-03-01,290,291,286,291,1900
102512,AHPC,2016-03-02,291,301,286,301,2109
102638,AHPC,2016-03-03,301,300,289,297,5180
102764,AHPC,2016-03-06,297,306,295,295,7987
102890,AHPC,2016-03-10,295,324,298,324,28846
103016,AHPC,2016-03-13,324,356,330,356,75657
103132,AHPC,2016-03-14,356,391,363,375,72120
103249,AHPC,2016-03-15,375,370,341,341,36177
103369,AHPC,2016-03-16,341,338,325,334,12334
103492,AHPC,2016-03-17,334,340,323,340,14994
103615,AHPC,2016-03-20,340,346,329,339,10824
103727,AHPC,2016-03-21,339,345,330,330,11009
103854,AHPC,2016-03-23,330,330,320,328,7072
103985,AHPC,2016-03-24,328,334,314,314,16649
104116,AHPC,2016-03-27,314,316,302,314,15456
104245,AHPC,2016-03-28,314,315,311,313,8105
104368,AHPC,2016-03-29,313,314,305,310,4057
104492,AHPC,2016-03-30,310,316,305,306,7975
104615,AHPC,2016-03-31,306,315,303,308,7797
104742,AHPC,2016-04-03,308,313,301,313,9938
104869,AHPC,2016-04-04,313,315,305,310,8231
104996,AHPC,2016-04-05,310,315,308,314,6335
105120,AHPC,2016-04-06,314,315,306,306,7395
105243,AHPC,2016-04-10,306,310,302,306,9705
105371,AHPC,2016-04-11,306,309,305,309,3793
105498,AHPC,2016-04-12,309,309,305,305,2060
105619,AHPC,2016-04-14,305,311,301,310,7178
105746,AHPC,2016-04-17,310,310,307,310,3426
105863,AHPC,2016-04-18,310,316,309,309,3413
105995,AHPC,2016-04-19,309,310,305,310,11936
106128,AHPC,2016-04-20,310,310,306,309,15598
106258,AHPC,2016-04-21,309,308,303,303,14729
106385,AHPC,2016-04-24,303,310,304,306,7322
106505,AHPC,2016-04-25,306,305,301,302,14693
106636,AHPC,2016-04-26,302,308,300,305,17487
106768,AHPC,2016-04-27,305,304,300,304,10935
106897,AHPC,2016-04-28,304,310,300,310,5412
107026,AHPC,2016-05-02,310,309,304,307,12570
107151,AHPC,2016-05-03,307,331,305,327,64128
107284,AHPC,2016-05-04,327,326,315,320,9744
107406,AHPC,2016-05-05,320,318,310,314,12283
107539,AHPC,2016-05-08,314,327,317,320,25974
107671,AHPC,2016-05-09,320,338,318,332,29320
107803,AHPC,2016-05-10,332,343,330,330,25723
107937,AHPC,2016-05-11,330,339,330,332,10800
108072,AHPC,2016-05-12,332,344,336,336,28999
108208,AHPC,2016-05-15,336,340,330,335,9850
108340,AHPC,2016-05-16,335,340,330,333,8084
108475,AHPC,2016-05-17,333,333,328,329,13306
108608,AHPC,2016-05-18,329,338,333,335,11248
108744,AHPC,2016-05-19,335,340,330,335,9542
108878,AHPC,2016-05-22,335,337,330,331,26817
109013,AHPC,2016-05-23,331,334,328,334,14083
109148,AHPC,2016-05-24,334,335,331,332,13309
109287,AHPC,2016-05-25,332,338,330,338,21449
109424,AHPC,2016-05-26,338,338,330,337,11988
109556,AHPC,2016-05-29,337,349,334,334,9597
109680,AHPC,2016-05-30,334,342,336,340,12088
109813,AHPC,2016-05-31,340,374,340,374,61779
109949,AHPC,2016-06-01,374,402,354,366,78039
110080,AHPC,2016-06-02,366,365,353,356,25787
110207,AHPC,2016-06-05,356,353,340,340,16319
110334,AHPC,2016-06-06,340,352,343,350,11655
110468,AHPC,2016-06-07,350,350,343,348,9737
110601,AHPC,2016-06-08,348,354,342,349,13836
110735,AHPC,2016-06-09,349,352,336,349,26484
110872,AHPC,2016-06-12,349,357,344,356,50039
111005,AHPC,2016-06-13,356,363,350,355,43140
111144,AHPC,2016-06-14,355,375,357,365,67920
111277,AHPC,2016-06-15,365,370,357,359,27350
111412,AHPC,2016-06-16,359,394,366,378,47493
111551,AHPC,2016-06-19,378,409,375,390,90850
111688,AHPC,2016-06-20,390,402,383,386,60257
111823,AHPC,2016-06-21,386,400,386,390,38502
111957,AHPC,2016-06-22,390,404,388,396,29094
112093,AHPC,2016-06-23,396,435,401,435,156869
112228,AHPC,2016-06-26,435,443,415,415,62449
112363,AHPC,2016-06-27,415,434,420,424,56552
112495,AHPC,2016-06-28,424,435,416,429,27672
112630,AHPC,2016-06-29,429,437,418,433,67476
112767,AHPC,2016-06-30,433,437,425,435,60741
112908,AHPC,2016-07-03,435,450,430,434,19157
113045,AHPC,2016-07-04,434,434,427,428,22942
113184,AHPC,2016-07-05,428,430,423,425,10719
113323,AHPC,2016-07-06,425,428,420,422,20544
113462,AHPC,2016-07-10,422,425,417,420,33129
113606,AHPC,2016-07-11,420,420,405,412,14144
113750,AHPC,2016-07-12,412,412,393,405,22869
113888,AHPC,2016-07-13,405,400,385,397,15233
114031,AHPC,2016-07-14,397,423,395,412,42759
114175,AHPC,2016-07-17,412,435,415,421,32931
114311,AHPC,2016-07-18,421,429,413,415,13166
114448,AHPC,2016-07-19,415,424,405,420,38058
114587,AHPC,2016-07-20,420,422,412,414,11320
114728,AHPC,2016-07-21,414,414,401,413,23283
114869,AHPC,2016-07-25,413,420,410,415,21184
115015,AHPC,2016-07-26,415,428,410,424,35590
115158,AHPC,2016-07-27,424,435,416,427,33978
115305,AHPC,2016-07-28,427,428,415,423,28720
115451,AHPC,2016-07-31,423,465,420,465,135415
115592,AHPC,2016-08-01,465,485,440,458,50730
115732,AHPC,2016-08-02,458,455,436,444,54916
115869,AHPC,2016-08-03,444,444,416,444,24492
116006,AHPC,2016-08-04,444,452,415,415,29163
116147,AHPC,2016-08-07,415,456,423,445,70764
116287,AHPC,2016-08-08,445,440,403,411,40204
116417,AHPC,2016-08-09,411,445,419,430,5971
116501,AHPC,2016-08-10,430,453,414,436,65755
116647,AHPC,2016-08-11,436,439,424,430,89007
116794,AHPC,2016-08-14,430,422,404,418,106293
116934,AHPC,2016-08-15,380,394,350,370,35439
117075,AHPC,2016-08-16,370,367,349,355,6738
117218,AHPC,2016-08-17,355,375,362,375,15832
117363,AHPC,2016-08-21,375,368,354,361,2985
117505,AHPC,2016-08-22,361,354,325,335,12380
117645,AHPC,2016-08-23,335,340,316,331,15006
117784,AHPC,2016-08-24,331,338,315,324,7157
117926,AHPC,2016-08-28,324,346,318,336,5064
118067,AHPC,2016-08-29,336,340,322,340,6465
118207,AHPC,2016-08-30,340,343,335,343,4138
118349,AHPC,2016-08-31,343,337,317,323,13230
118494,AHPC,2016-09-01,323,322,312,317,8824
118638,AHPC,2016-09-03,317,339,313,339,15750
118784,AHPC,2016-09-04,317,339,313,339,15750
118930,AHPC,2016-09-05,339,345,323,329,7583
119074,AHPC,2016-09-06,329,328,322,322,4247
119215,AHPC,2016-09-07,322,327,315,322,8267
119360,AHPC,2016-09-08,322,322,317,319,6626
119512,AHPC,2016-09-11,319,319,310,319,6643
119657,AHPC,2016-09-12,319,322,313,314,3344
119799,AHPC,2016-09-14,314,319,311,317,14414
119946,AHPC,2016-09-18,317,321,310,316,9852
120087,AHPC,2016-09-20,316,319,311,319,19641
120231,AHPC,2016-09-21,319,320,312,320,16016
120373,AHPC,2016-09-22,320,337,318,321,11901
120513,AHPC,2016-09-25,321,319,310,310,11747
120649,AHPC,2016-09-26,310,316,308,312,12182
120781,AHPC,2016-09-27,312,315,310,312,11066
120923,AHPC,2016-09-28,312,315,306,311,4388
121059,AHPC,2016-09-29,311,310,298,306,21704
121200,AHPC,2016-10-02,306,308,289,308,16525
121334,AHPC,2016-10-03,308,306,300,305,18923
121469,AHPC,2016-10-04,305,307,301,304,8603
121594,AHPC,2016-10-05,304,317,305,305,15217
121726,AHPC,2016-10-06,305,322,306,322,9330
121856,AHPC,2016-10-16,322,324,311,315,5959
121978,AHPC,2016-10-17,315,318,311,316,8800
122094,AHPC,2016-10-18,316,316,313,315,3832
122209,AHPC,2016-10-19,315,321,311,314,6093
122329,AHPC,2016-10-20,314,315,310,314,8394
122455,AHPC,2016-10-23,314,317,309,313,8181
122581,AHPC,2016-10-24,313,319,308,318,8316
122706,AHPC,2016-10-25,318,316,310,314,6363
122833,AHPC,2016-10-26,314,314,312,314,5324
122963,AHPC,2016-10-27,314,320,312,318,2273
123099,AHPC,2016-11-03,318,312,306,312,1642
123220,AHPC,2016-11-07,312,311,306,310,6544
123354,AHPC,2016-11-08,310,312,306,307,7379
123492,AHPC,2016-11-09,307,307,300,300,9327
123619,AHPC,2016-11-10,300,304,294,303,5246
123748,AHPC,2016-11-13,303,302,295,301,7990
123885,AHPC,2016-11-14,301,301,295,296,3195
124016,AHPC,2016-11-15,296,298,293,298,2655
124154,AHPC,2016-11-16,298,296,290,290,5329
124288,AHPC,2016-11-17,290,295,285,295,2824
124422,AHPC,2016-11-20,295,295,280,280,1020
124549,AHPC,2016-11-21,280,284,266,270,19562
124675,AHPC,2016-11-22,270,278,265,273,6612
124806,AHPC,2016-11-23,273,275,260,265,8129
124937,AHPC,2016-11-24,265,275,264,270,10701
125070,AHPC,2016-11-27,270,265,245,250,19305
125198,AHPC,2016-11-28,250,270,232,270,5222
125322,AHPC,2016-11-29,270,280,255,280,7905
125453,AHPC,2016-11-30,280,291,272,290,21105
125588,AHPC,2016-12-01,290,290,272,272,9291
125725,AHPC,2016-12-04,272,277,268,268,2417
125862,AHPC,2016-12-05,268,270,265,265,647
126002,AHPC,2016-12-06,265,270,260,270,4261
126138,AHPC,2016-12-07,270,270,267,268,4512
126275,AHPC,2016-12-08,268,265,260,260,4478
126408,AHPC,2016-12-11,260,260,255,256,2743
126548,AHPC,2016-12-12,256,257,250,252,1745
126685,AHPC,2016-12-14,252,259,253,259,1778
126822,AHPC,2016-12-15,259,266,256,266,1660
126959,AHPC,2016-12-18,266,271,259,271,990
127091,AHPC,2016-12-19,271,266,261,261,3187
127228,AHPC,2016-12-20,261,260,255,255,4813
127366,AHPC,2016-12-21,255,258,250,253,3627
127497,AHPC,2016-12-22,253,255,246,255,344
127635,AHPC,2016-12-26,255,255,241,241,9156
127765,AHPC,2016-12-27,241,246,236,242,4439
127895,AHPC,2016-12-28,242,250,239,245,7568
128023,AHPC,2016-12-29,245,250,246,248,7942
128149,AHPC,2017-01-01,248,260,246,250,10091
128283,AHPC,2017-01-02,250,255,246,246,9057
128413,AHPC,2017-01-03,246,255,242,255,7007
128543,AHPC,2017-01-04,255,255,248,252,3661
128667,AHPC,2017-01-05,252,250,248,250,2129
128795,AHPC,2017-01-08,250,250,245,250,3126
128926,AHPC,2017-01-09,250,252,248,252,336
129043,AHPC,2017-01-10,252,255,250,255,1154
129169,AHPC,2017-01-11,255,259,247,249,4037
129288,AHPC,2017-01-12,249,255,249,253,6482
129408,AHPC,2017-01-15,253,252,247,247,2709
129530,AHPC,2017-01-16,247,249,243,245,4183
129659,AHPC,2017-01-17,245,247,244,247,2049
129789,AHPC,2017-01-18,247,247,244,245,491
129923,AHPC,2017-01-19,245,248,244,245,3921
130053,AHPC,2017-01-22,245,251,243,251,4038
130185,AHPC,2017-01-23,251,250,246,247,9685
130319,AHPC,2017-01-24,247,250,245,247,7167
130448,AHPC,2017-01-25,247,245,240,241,3320
130583,AHPC,2017-01-26,241,237,226,233,7702
130720,AHPC,2017-01-30,233,229,210,214,5775
130843,AHPC,2017-01-31,214,223,206,223,2518
130980,AHPC,2017-02-01,223,243,227,236,2764
131117,AHPC,2017-02-02,236,244,230,230,18329
131255,AHPC,2017-02-05,230,234,223,224,3768
131377,AHPC,2017-02-06,224,228,219,228,957
131510,AHPC,2017-02-07,228,225,220,221,11067
131642,AHPC,2017-02-08,221,221,218,218,4713
131779,AHPC,2017-02-09,218,220,212,212,7226
131912,AHPC,2017-02-12,212,212,205,205,5197
132044,AHPC,2017-02-13,205,220,201,220,3448
132181,AHPC,2017-02-14,220,216,200,216,5516
132318,AHPC,2017-02-15,216,220,209,219,5154
132459,AHPC,2017-02-16,219,223,215,220,2683
132604,AHPC,2017-02-19,220,222,216,222,6166
132748,AHPC,2017-02-20,222,230,215,215,5449
132884,AHPC,2017-02-21,215,219,212,212,3733
133021,AHPC,2017-02-22,212,212,204,208,2484
133157,AHPC,2017-02-23,208,216,208,209,3577
133287,AHPC,2017-02-26,209,208,205,207,1269
133419,AHPC,2017-02-28,207,210,206,208,1662
133551,AHPC,2017-03-01,208,213,205,213,3317
133686,AHPC,2017-03-02,213,214,207,214,2681
133820,AHPC,2017-03-05,214,216,209,214,4612
133961,AHPC,2017-03-06,214,215,207,215,4875
134101,AHPC,2017-03-07,215,215,206,210,3347
134241,AHPC,2017-03-09,210,222,210,222,4040
134379,AHPC,2017-03-13,222,229,219,228,11867
134511,AHPC,2017-03-14,228,226,219,222,6406
134648,AHPC,2017-03-15,222,237,216,230,11463
134774,AHPC,2017-03-16,230,231,222,227,3869
134910,AHPC,2017-03-19,227,235,224,229,6260
135046,AHPC,2017-03-20,229,237,229,232,9785
135186,AHPC,2017-03-21,232,240,227,240,4241
135333,AHPC,2017-03-22,240,262,237,242,28299
135479,AHPC,2017-03-23,242,264,234,263,28717
135622,AHPC,2017-03-26,263,289,255,278,42623
135765,AHPC,2017-03-28,278,298,273,288,5931
135909,AHPC,2017-03-29,288,293,266,271,19455
136056,AHPC,2017-03-30,271,279,266,270,9588
136195,AHPC,2017-04-02,270,288,270,275,6514
136329,AHPC,2017-04-03,275,295,275,275,19680
136472,AHPC,2017-04-04,275,276,265,276,16352
136616,AHPC,2017-04-06,276,275,267,273,8798
136759,AHPC,2017-04-09,273,290,271,290,18557
136900,AHPC,2017-04-10,290,304,286,300,39707
137044,AHPC,2017-04-11,300,316,296,301,20961
137188,AHPC,2017-04-12,301,306,295,295,22956
137333,AHPC,2017-04-13,295,293,283,287,4349
137476,AHPC,2017-04-16,287,292,273,280,14739
137611,AHPC,2017-04-18,280,287,270,279,7247
137752,AHPC,2017-04-19,279,284,272,284,8409
137894,AHPC,2017-04-20,284,291,275,291,4211
138037,AHPC,2017-04-23,291,304,286,290,16099
138179,AHPC,2017-04-24,290,293,280,287,18004
138320,AHPC,2017-04-25,287,286,278,283,10975
138467,AHPC,2017-04-26,283,293,279,292,12747
138612,AHPC,2017-04-27,292,297,279,290,37296
138755,AHPC,2017-04-30,290,295,276,290,14105
138897,AHPC,2017-05-02,290,290,275,275,14592
139040,AHPC,2017-05-03,275,285,278,282,3195
139182,AHPC,2017-05-04,282,280,276,277,3005
139326,AHPC,2017-05-07,277,279,266,270,1957
139467,AHPC,2017-05-08,270,286,265,275,8621
139609,AHPC,2017-05-09,275,294,270,285,19785
139751,AHPC,2017-05-11,285,310,288,308,92535
139897,AHPC,2017-05-15,308,318,294,302,78557
140036,AHPC,2017-05-16,302,306,296,306,16506
140175,AHPC,2017-05-17,306,305,297,303,11239
140315,AHPC,2017-05-18,303,300,293,299,11537
140461,AHPC,2017-05-21,299,294,287,289,17037
140607,AHPC,2017-05-22,289,299,286,286,4678
140752,AHPC,2017-05-23,286,301,285,287,6478
140899,AHPC,2017-05-24,287,296,283,285,10074
141046,AHPC,2017-05-28,285,288,281,282,4553
141193,AHPC,2017-05-30,282,282,275,280,7659
141340,AHPC,2017-05-31,280,290,276,290,6640
141484,AHPC,2017-06-01,290,289,279,280,7130
141631,AHPC,2017-06-04,280,280,275,276,8708
141772,AHPC,2017-06-05,276,280,277,280,13395
141920,AHPC,2017-06-06,280,287,277,282,5469
142068,AHPC,2017-06-07,282,287,277,278,3225
142217,AHPC,2017-06-08,278,277,274,275,8514
142366,AHPC,2017-06-11,275,276,270,274,4800
142512,AHPC,2017-06-12,274,276,264,264,5020
142650,AHPC,2017-06-13,264,273,264,270,1890
142793,AHPC,2017-06-14,270,284,266,284,2319
142941,AHPC,2017-06-15,284,283,275,280,1132
143090,AHPC,2017-06-18,280,275,270,270,109
143233,AHPC,2017-06-19,270,275,265,270,2637
143369,AHPC,2017-06-20,270,270,260,267,4312
143510,AHPC,2017-06-21,267,270,265,265,854
143662,AHPC,2017-06-22,265,272,261,265,8865
143801,AHPC,2017-06-25,265,267,260,267,5824
143949,AHPC,2017-06-27,267,268,262,268,4715
144099,AHPC,2017-06-28,268,268,262,268,2666
144239,AHPC,2017-07-02,268,265,258,263,3841
144387,AHPC,2017-07-03,263,270,262,270,4820
144531,AHPC,2017-07-04,270,267,260,263,15104
144673,AHPC,2017-07-05,263,270,258,270,3728
144811,AHPC,2017-07-06,270,290,268,290,5233
144959,AHPC,2017-07-09,290,300,270,287,93320
145107,AHPC,2017-07-10,287,292,280,280,15172
145256,AHPC,2017-07-11,280,289,280,281,6088
145404,AHPC,2017-07-12,281,285,276,278,3725
145556,AHPC,2017-07-13,278,280,276,276,7140
145706,AHPC,2017-07-16,276,281,271,276,2554
145855,AHPC,2017-07-17,276,284,270,284,8159
146009,AHPC,2017-07-18,284,285,279,284,5756
146164,AHPC,2017-07-19,284,283,274,280,6581
146319,AHPC,2017-07-20,280,283,272,272,3011
146474,AHPC,2017-07-23,272,274,270,270,3662
146625,AHPC,2017-07-24,270,278,266,266,12289
146778,AHPC,2017-07-25,266,285,266,276,6911
146934,AHPC,2017-07-26,276,281,272,272,6739
147090,AHPC,2017-07-27,272,275,270,270,5457
147240,AHPC,2017-07-30,270,275,265,267,3718
147392,AHPC,2017-07-31,267,282,267,277,5952
147546,AHPC,2017-08-01,277,278,272,272,11369
147704,AHPC,2017-08-02,272,283,270,275,12419
147861,AHPC,2017-08-03,275,280,270,274,8389
148024,AHPC,2017-08-06,274,277,270,272,3610
148182,AHPC,2017-08-07,272,275,267,270,10952
148340,AHPC,2017-08-09,270,270,266,268,6547
148499,AHPC,2017-08-10,268,273,266,267,13978
148659,AHPC,2017-08-13,267,270,262,262,6478
148819,AHPC,2017-08-15,262,268,257,268,4415
148979,AHPC,2017-08-16,268,278,263,265,4647
149137,AHPC,2017-08-17,265,270,265,268,9752
149302,AHPC,2017-08-20,268,268,260,261,12534
149460,AHPC,2017-08-21,261,268,257,268,1642
149614,AHPC,2017-08-22,268,267,260,262,3721
149775,AHPC,2017-08-23,262,268,255,260,14855
149935,AHPC,2017-08-24,260,268,260,268,34706
150095,AHPC,2017-08-27,244,244,236,240,2371
150258,AHPC,2017-08-28,240,237,231,235,2015
150417,AHPC,2017-08-30,235,235,225,229,13888
150571,AHPC,2017-08-31,229,231,219,224,7816
150731,AHPC,2017-09-04,224,220,212,213,8226
150883,AHPC,2017-09-06,213,223,211,223,3339
151047,AHPC,2017-09-07,223,225,211,211,6054
151204,AHPC,2017-09-10,211,215,207,215,3622
151362,AHPC,2017-09-11,215,215,212,213,3149
151522,AHPC,2017-09-12,213,215,212,214,812
151675,AHPC,2017-09-13,214,214,206,214,8928
151835,AHPC,2017-09-14,214,215,210,213,4080
151995,AHPC,2017-09-17,213,218,209,215,3943
152154,AHPC,2017-09-18,215,218,210,211,2597
152315,AHPC,2017-09-20,211,220,210,220,4735
152473,AHPC,2017-09-24,220,220,212,218,1500
152622,AHPC,2017-09-25,218,219,215,219,4205
152775,AHPC,2017-09-26,219,220,220,220,50
153048,AHPC,2017-10-04,220,220,218,218,70
153192,AHPC,2017-10-08,218,218,214,214,229
153343,AHPC,2017-10-09,214,218,210,218,1430
153495,AHPC,2017-10-10,218,218,211,211,1578
153650,AHPC,2017-10-11,211,214,205,210,7501
153813,AHPC,2017-10-12,210,211,209,210,11215
153967,AHPC,2017-10-15,210,212,206,210,1985
154122,AHPC,2017-10-16,210,218,212,216,3770
154285,AHPC,2017-10-17,216,220,216,216,526
154446,AHPC,2017-10-18,216,217,216,217,550
154590,AHPC,2017-10-22,217,219,214,217,1121
154736,AHPC,2017-10-23,217,219,214,219,467
154892,AHPC,2017-10-24,219,215,214,215,915
155051,AHPC,2017-10-25,215,216,212,216,4427
155210,AHPC,2017-10-29,216,215,212,214,587
155368,AHPC,2017-10-30,214,214,210,212,3700
155524,AHPC,2017-10-31,212,212,211,212,1344
155683,AHPC,2017-11-01,212,212,207,211,9509
155842,AHPC,2017-11-02,211,210,207,210,13991
155996,AHPC,2017-11-05,210,209,204,208,3579
156155,AHPC,2017-11-06,208,212,205,211,4527
156316,AHPC,2017-11-07,211,210,203,205,2625
156475,AHPC,2017-11-08,205,208,200,204,8854
156635,AHPC,2017-11-09,204,210,198,206,598
156789,AHPC,2017-11-12,206,208,197,208,4680
156948,AHPC,2017-11-13,208,214,208,214,1970
157106,AHPC,2017-11-14,214,214,207,211,5632
157270,AHPC,2017-11-15,211,211,206,206,3790
157430,AHPC,2017-11-16,206,208,202,207,3667
157589,AHPC,2017-11-19,207,207,203,204,4581
157745,AHPC,2017-11-20,204,206,199,200,5960
157906,AHPC,2017-11-21,200,206,200,206,6819
158065,AHPC,2017-11-22,206,207,203,206,746
158224,AHPC,2017-11-23,206,208,202,206,1480
158388,AHPC,2017-11-26,206,209,201,209,5776
158543,AHPC,2017-11-27,209,206,201,206,4938
158702,AHPC,2017-11-28,206,209,202,209,4515
158865,AHPC,2017-11-29,209,215,207,212,42888
159028,AHPC,2017-11-30,212,211,206,210,21257
159192,AHPC,2017-12-04,210,216,205,210,15783
159349,AHPC,2017-12-05,210,212,207,211,3545
159511,AHPC,2017-12-06,211,215,208,212,10239
159677,AHPC,2017-12-10,212,215,210,214,19266
159835,AHPC,2017-12-11,214,216,210,216,15799
159991,AHPC,2017-12-12,216,214,212,214,15440
160148,AHPC,2017-12-13,214,216,208,215,14412
160311,AHPC,2017-12-14,215,217,211,217,5944
160464,AHPC,2017-12-17,217,217,210,210,8799
160622,AHPC,2017-12-18,210,214,209,213,5983
160785,AHPC,2017-12-19,213,212,209,209,11430
160950,AHPC,2017-12-20,209,210,207,210,7275
161105,AHPC,2017-12-21,210,210,208,208,2942
161258,AHPC,2017-12-24,208,210,207,207,7517
161418,AHPC,2017-12-26,207,208,204,207,2628
161577,AHPC,2017-12-27,207,207,203,203,5829
161733,AHPC,2017-12-28,203,205,200,204,5969
161895,AHPC,2017-12-31,204,203,200,202,7169
162053,AHPC,2018-01-01,202,206,202,206,5270
162216,AHPC,2018-01-02,206,206,203,206,2150
162382,AHPC,2018-01-03,206,205,202,205,4363
162537,AHPC,2018-01-04,205,205,202,205,3085
162695,AHPC,2018-01-07,205,203,201,203,3448
162851,AHPC,2018-01-08,203,204,200,204,4451
163008,AHPC,2018-01-09,204,204,201,203,5804
163167,AHPC,2018-01-10,203,204,200,204,4356
163324,AHPC,2018-01-14,204,201,199,201,3458
163476,AHPC,2018-01-16,201,201,198,200,4347
163629,AHPC,2018-01-17,200,200,200,200,2453
163787,AHPC,2018-01-21,200,200,197,199,4811
163952,AHPC,2018-01-22,199,200,196,200,3173
164115,AHPC,2018-01-23,200,204,196,204,4363
164270,AHPC,2018-01-24,204,201,197,198,3638
164425,AHPC,2018-01-25,198,199,197,199,3126
164584,AHPC,2018-01-28,199,200,196,197,1256
164742,AHPC,2018-01-29,197,203,196,201,4686
164902,AHPC,2018-01-31,201,199,195,198,6490
165058,AHPC,2018-02-01,198,200,196,199,4081
165215,AHPC,2018-02-04,199,200,194,200,8868
165377,AHPC,2018-02-05,200,200,195,200,3006
165531,AHPC,2018-02-06,200,200,190,198,5670
165682,AHPC,2018-02-07,198,197,191,197,4406
165833,AHPC,2018-02-08,197,199,196,197,358
165985,AHPC,2018-02-11,197,194,187,191,11647
166144,AHPC,2018-02-12,191,189,183,184,10517
166300,AHPC,2018-02-14,184,189,186,189,9211
166455,AHPC,2018-02-15,189,200,186,200,4132
166620,AHPC,2018-02-18,200,200,190,190,4731
166779,AHPC,2018-02-20,193,209,193,199,31378
166939,AHPC,2018-02-21,200,200,193,195,9353
167084,AHPC,2018-02-22,192,196,192,196,4416
167241,AHPC,2018-02-25,193,195,189,192,5262
167387,AHPC,2018-02-26,195,195,184,184,11515
167537,AHPC,2018-02-27,182,193,181,184,5150
167689,AHPC,2018-02-28,186,186,180,185,8598
167848,AHPC,2018-03-04,182,182,170,172,5231
167999,AHPC,2018-03-05,175,179,169,169,8919
168152,AHPC,2018-03-06,167,175,164,175,6658
168316,AHPC,2018-03-07,175,180,173,178,2982
168474,AHPC,2018-03-11,175,175,170,174,4602
168632,AHPC,2018-03-12,172,174,172,174,674
168786,AHPC,2018-03-13,172,172,170,172,3714
168942,AHPC,2018-03-14,174,174,174,174,251
169097,AHPC,2018-03-15,177,177,171,171,8848
169248,AHPC,2018-03-18,173,173,168,170,4322
169400,AHPC,2018-03-19,173,173,169,172,1532
169552,AHPC,2018-03-20,169,169,163,163,12334
169711,AHPC,2018-03-21,160,162,155,162,12760
169863,AHPC,2018-03-22,160,165,156,160,7328
170021,AHPC,2018-03-26,157,157,147,150,7149
170177,AHPC,2018-03-27,153,161,147,161,8348
170343,AHPC,2018-03-28,159,160,154,154,3656
170504,AHPC,2018-03-29,157,160,155,157,910
170668,AHPC,2018-04-01,154,158,153,158,4244
170825,AHPC,2018-04-02,155,155,153,155,1815
170981,AHPC,2018-04-03,152,152,147,147,22685
171141,AHPC,2018-04-04,149,158,147,158,25792
171302,AHPC,2018-04-05,157,161,149,159,16913
171469,AHPC,2018-04-08,159,174,159,174,41891
171645,AHPC,2018-04-09,177,186,167,167,15518
171814,AHPC,2018-04-10,168,169,160,168,34206
171974,AHPC,2018-04-11,169,169,159,167,15954
172132,AHPC,2018-04-12,167,169,165,168,22339
172296,AHPC,2018-04-15,168,170,160,168,4516
172455,AHPC,2018-04-16,171,174,166,174,48132
172622,AHPC,2018-04-17,177,185,168,178,15313
172788,AHPC,2018-04-18,179,190,172,186,39437
172953,AHPC,2018-04-19,189,192,180,192,37644
173121,AHPC,2018-04-22,195,197,189,196,50278
173288,AHPC,2018-04-23,199,202,186,186,36818
173458,AHPC,2018-04-24,183,189,183,189,7344
173628,AHPC,2018-04-25,186,186,180,186,14988
173788,AHPC,2018-04-26,188,188,176,185,10501
173947,AHPC,2018-04-29,183,185,180,183,942
174109,AHPC,2018-05-02,180,182,177,182,3714
174267,AHPC,2018-05-03,184,185,179,183,7193
174436,AHPC,2018-05-06,182,182,177,180,3971
174596,AHPC,2018-05-07,177,179,174,176,3148
174755,AHPC,2018-05-08,179,179,171,174,7524
174920,AHPC,2018-05-09,177,177,167,171,14604
175080,AHPC,2018-05-10,168,176,168,176,6625
175241,AHPC,2018-05-14,179,179,169,169,5772
175404,AHPC,2018-05-15,172,172,170,172,80
175547,AHPC,2018-05-16,169,171,166,170,15848
175705,AHPC,2018-05-17,170,173,168,172,24103
175859,AHPC,2018-05-20,175,175,168,169,5758
176018,AHPC,2018-05-21,170,170,166,169,5952
176181,AHPC,2018-05-22,170,170,164,169,9200
176341,AHPC,2018-05-23,166,167,163,167,6366
176501,AHPC,2018-05-24,164,164,161,164,4299
176663,AHPC,2018-05-27,162,165,159,161,4369
176824,AHPC,2018-05-28,158,170,158,170,2865
176992,AHPC,2018-05-29,168,169,167,168,2738
177159,AHPC,2018-05-30,171,172,163,168,7212
177323,AHPC,2018-05-31,165,165,162,165,264
177487,AHPC,2018-06-03,162,163,156,160,10172
177642,AHPC,2018-06-04,157,160,157,160,1258
177800,AHPC,2018-06-06,163,166,163,163,5204
177938,AHPC,2018-06-07,165,168,165,168,65
178104,AHPC,2018-06-10,168,171,168,168,20
178436,AHPC,2018-06-12,165,165,153,158,2011
178595,AHPC,2018-06-13,161,166,152,166,8096
178757,AHPC,2018-06-14,163,170,159,163,12332
178921,AHPC,2018-06-17,160,164,157,164,419
179079,AHPC,2018-06-18,161,163,161,163,72
179233,AHPC,2018-06-19,160,162,160,162,2025
179390,AHPC,2018-06-20,165,165,160,160,115
179546,AHPC,2018-06-21,157,160,157,160,2254
179708,AHPC,2018-06-24,157,159,155,158,4630
179874,AHPC,2018-06-25,161,161,158,158,1222
180032,AHPC,2018-06-26,158,161,147,155,3647
180192,AHPC,2018-06-27,155,157,149,157,5272
180349,AHPC,2018-06-28,154,154,150,154,12614
180513,AHPC,2018-07-01,154,154,147,152,5637
180671,AHPC,2018-07-02,149,154,147,153,5511
180830,AHPC,2018-07-03,150,150,146,146,11521
180992,AHPC,2018-07-04,148,153,144,153,15260
181161,AHPC,2018-07-05,156,159,150,156,17975
181329,AHPC,2018-07-08,159,159,151,155,8113
181496,AHPC,2018-07-09,152,154,149,154,3138
181663,AHPC,2018-07-10,152,155,151,151,283
181823,AHPC,2018-07-11,149,155,149,151,2923
181994,AHPC,2018-07-12,149,150,147,149,6943
182157,AHPC,2018-07-15,150,152,149,151,834
182327,AHPC,2018-07-16,150,154,148,153,1420
182486,AHPC,2018-07-17,154,154,150,150,1062
182638,AHPC,2018-07-18,151,152,147,147,1495
182777,AHPC,2018-07-19,145,148,140,145,70419
182939,AHPC,2018-07-22,145,145,138,138,36939
183102,AHPC,2018-07-23,140,143,138,142,12904
183260,AHPC,2018-07-24,143,145,140,142,4150
183420,AHPC,2018-07-25,142,145,137,141,7072
183588,AHPC,2018-07-26,139,143,139,143,3842
183751,AHPC,2018-07-29,143,143,139,141,4731
183904,AHPC,2018-07-30,142,142,139,140,5073
184074,AHPC,2018-07-31,140,140,138,140,1373
184237,AHPC,2018-08-01,138,142,138,142,3623
184390,AHPC,2018-08-02,142,142,139,139,1544
184552,AHPC,2018-08-05,138,141,138,141,2470
184712,AHPC,2018-08-06,140,141,137,141,2309
184860,AHPC,2018-08-07,140,141,139,141,398
185017,AHPC,2018-08-08,139,140,137,140,1469
185179,AHPC,2018-08-09,138,142,136,142,3345
185342,AHPC,2018-08-12,140,140,136,138,8112
185504,AHPC,2018-08-13,136,137,134,137,11781
185660,AHPC,2018-08-14,135,137,135,137,3647
185820,AHPC,2018-08-15,135,139,131,139,6120
185985,AHPC,2018-08-16,137,139,133,138,6055
186151,AHPC,2018-08-19,136,136,134,136,680
186311,AHPC,2018-08-20,134,135,129,135,3752
186471,AHPC,2018-08-21,133,133,129,132,3651
186632,AHPC,2018-08-22,134,134,130,133,1440
186785,AHPC,2018-08-23,131,133,128,131,5242
186943,AHPC,2018-08-26,132,132,127,132,4488
187089,AHPC,2018-08-28,134,136,129,129,3405
187243,AHPC,2018-08-29,128,130,127,130,8258
187406,AHPC,2018-08-30,132,132,129,130,3872
187573,AHPC,2018-09-02,129,130,127,130,4319
187737,AHPC,2018-09-03,132,136,131,134,6710
187906,AHPC,2018-09-04,132,133,130,133,2313
188078,AHPC,2018-09-05,132,140,130,135,14792
188245,AHPC,2018-09-06,137,139,133,138,4654
188419,AHPC,2018-09-09,136,136,130,135,3853
188585,AHPC,2018-09-10,135,135,131,131,287
188746,AHPC,2018-09-11,129,136,129,134,3913
188914,AHPC,2018-09-12,135,135,133,135,1970
189079,AHPC,2018-09-13,135,135,130,133,8152
189252,AHPC,2018-09-16,134,135,134,135,1197
189418,AHPC,2018-09-17,137,137,135,135,160
189585,AHPC,2018-09-18,133,141,131,139,6502
189753,AHPC,2018-09-20,137,137,131,133,9622
189919,AHPC,2018-09-23,133,134,132,132,7881
190085,AHPC,2018-09-25,134,134,132,134,4549
190258,AHPC,2018-09-26,132,136,131,134,6492
190429,AHPC,2018-09-27,132,134,131,134,3562
190598,AHPC,2018-09-30,132,133,129,133,1725
190765,AHPC,2018-10-01,131,132,129,132,3779
190930,AHPC,2018-10-02,131,134,130,134,3678
191101,AHPC,2018-10-03,135,135,129,134,1474
191266,AHPC,2018-10-04,132,132,132,132,200
191431,AHPC,2018-10-07,130,131,126,131,4364
191591,AHPC,2018-10-08,129,131,129,131,132
191754,AHPC,2018-10-09,132,132,130,131,1355
191914,AHPC,2018-10-10,129,129,125,127,9629
192075,AHPC,2018-10-11,129,131,128,131,2235
192240,AHPC,2018-10-14,130,132,129,132,3312
192398,AHPC,2018-10-15,130,134,130,134,4898
192550,AHPC,2018-10-21,136,136,130,130,3607
192674,AHPC,2018-10-22,132,132,130,130,756
192815,AHPC,2018-10-23,130,130,129,129,1099
192970,AHPC,2018-10-24,128,132,127,132,3401
193122,AHPC,2018-10-25,132,132,130,130,418
193278,AHPC,2018-10-28,128,128,126,127,17095
193438,AHPC,2018-10-29,129,128,123,127,7904
193598,AHPC,2018-10-30,126,127,126,127,1540
193761,AHPC,2018-10-31,125,128,123,128,6588
193925,AHPC,2018-11-01,126,128,124,127,4920
194085,AHPC,2018-11-04,129,129,123,123,6071
194238,AHPC,2018-11-05,125,129,121,128,2406
194393,AHPC,2018-11-06,128,123,123,125,136
194489,AHPC,2018-11-11,125,127,125,125,300
194613,AHPC,2018-11-12,124,126,123,126,4831
194744,AHPC,2018-11-13,124,126,122,122,6335
194892,AHPC,2018-11-14,120,126,120,126,2060
195036,AHPC,2018-11-15,124,125,122,125,2133
195194,AHPC,2018-11-18,123,123,119,119,8587
195339,AHPC,2018-11-19,122,122,117,122,7458
195487,AHPC,2018-11-20,122,122,118,118,3030
195632,AHPC,2018-11-21,118,120,118,119,3996
195783,AHPC,2018-11-22,121,121,119,121,6709
195925,AHPC,2018-11-25,121,121,115,116,15843
196078,AHPC,2018-11-26,118,118,112,118,13472
196233,AHPC,2018-11-27,116,117,114,116,1515
196387,AHPC,2018-11-28,115,116,114,116,8505
196540,AHPC,2018-11-29,114,116,110,115,5496
196701,AHPC,2018-12-02,116,116,110,112,11724
196859,AHPC,2018-12-03,111,114,108,110,5349
197015,AHPC,2018-12-04,109,113,108,113,11127
197172,AHPC,2018-12-05,111,112,108,112,5004
197327,AHPC,2018-12-06,110,110,108,110,2160
197488,AHPC,2018-12-09,110,111,107,111,3931
197643,AHPC,2018-12-10,113,113,108,110,12761
197806,AHPC,2018-12-11,108,109,108,109,2200
197970,AHPC,2018-12-12,109,110,108,110,6070
198127,AHPC,2018-12-13,111,111,109,109,2087
198281,AHPC,2018-12-16,109,110,109,109,1608
198440,AHPC,2018-12-17,110,111,110,111,1157
198599,AHPC,2018-12-18,109,109,107,107,1100
198758,AHPC,2018-12-19,105,109,105,108,1464
198915,AHPC,2018-12-20,108,109,107,109,180
199078,AHPC,2018-12-23,111,111,106,111,12033
199242,AHPC,2018-12-24,112,112,110,111,580
199410,AHPC,2018-12-25,111,111,111,111,12
199573,AHPC,2018-12-26,109,109,107,107,5014
199746,AHPC,2018-12-27,106,114,106,109,11640
199920,AHPC,2018-12-30,109,110,107,107,4784
200088,AHPC,2018-12-31,108,108,106,106,400
200409,AHPC,2019-01-02,106,106,106,106,300
200562,AHPC,2019-01-03,106,107,106,107,105
200720,AHPC,2019-01-06,106,106,105,105,4552
200875,AHPC,2019-01-07,103,107,103,106,8516
201042,AHPC,2019-01-08,104,106,104,104,3120
201202,AHPC,2019-01-09,99,106,99,106,3365
201368,AHPC,2019-01-10,106,106,105,105,3812
201530,AHPC,2019-01-13,105,105,105,105,50
201688,AHPC,2019-01-14,106,108,106,108,286
201846,AHPC,2019-01-15,108,108,104,106,2063
202004,AHPC,2019-01-16,105,106,105,105,1611
202173,AHPC,2019-01-17,105,107,105,105,5331
202337,AHPC,2019-01-20,105,105,104,104,2100
202480,AHPC,2019-01-21,104,104,103,103,4634
202645,AHPC,2019-01-22,103,104,101,104,4105
202801,AHPC,2019-01-23,103,105,103,104,2776
202964,AHPC,2019-01-24,103,105,103,103,4503
203126,AHPC,2019-01-27,102,104,101,104,3733
203288,AHPC,2019-01-28,104,104,102,103,609
203453,AHPC,2019-01-29,102,103,102,103,1625
203614,AHPC,2019-01-30,101,103,101,102,2978
203782,AHPC,2019-01-31,101,104,100,104,7363
203950,AHPC,2019-02-03,102,102,100,101,2616
204118,AHPC,2019-02-04,101,102,99,100,7504
204280,AHPC,2019-02-05,102,102,101,101,710
204443,AHPC,2019-02-06,101,101,100,101,1561
204609,AHPC,2019-02-07,103,103,99,100,5783
204773,AHPC,2019-02-10,100,101,98,99,8837
204932,AHPC,2019-02-11,98,100,98,99,1058
205098,AHPC,2019-02-12,98,100,98,100,2839
205262,AHPC,2019-02-13,100,100,98,98,4170
205435,AHPC,2019-02-14,98,100,97,98,5604
205599,AHPC,2019-02-17,99,100,98,98,1142
205769,AHPC,2019-02-18,99,99,97,98,3783
205930,AHPC,2019-02-19,98,100,98,99,3201
206097,AHPC,2019-02-20,99,99,99,99,524
206258,AHPC,2019-02-21,98,99,98,98,2983
206412,AHPC,2019-02-24,97,98,97,97,1483
206578,AHPC,2019-02-25,98,98,97,97,1016
206744,AHPC,2019-02-26,98,99,97,97,2952
206908,AHPC,2019-02-27,98,98,97,97,1550
207076,AHPC,2019-03-03,97,97,96,97,3268
207424,AHPC,2019-03-06,98,100,98,99,2384
207593,AHPC,2019-03-07,100,101,100,101,6366
207768,AHPC,2019-03-10,100,103,100,103,2190
207905,AHPC,2019-03-11,101,104,100,103,5568
208076,AHPC,2019-03-12,105,111,105,108,11530
208252,AHPC,2019-03-13,106,108,106,106,3300
208424,AHPC,2019-03-14,104,106,102,106,1768
208595,AHPC,2019-03-17,106,106,103,105,2659
208767,AHPC,2019-03-18,107,107,103,103,2352
208936,AHPC,2019-03-19,103,104,103,104,270
209093,AHPC,2019-03-21,103,103,103,103,1465
209264,AHPC,2019-03-24,102,102,101,101,2650
209430,AHPC,2019-03-25,100,103,100,101,4681
209599,AHPC,2019-03-26,100,103,100,103,3679
209770,AHPC,2019-03-27,108,108,104,104,131
209936,AHPC,2019-03-28,102,104,101,101,12658
210104,AHPC,2019-03-31,102,102,101,101,170
210268,AHPC,2019-04-01,101,108,101,106,6377
210438,AHPC,2019-04-02,105,106,103,103,2245
210607,AHPC,2019-04-03,105,105,103,103,10090
210777,AHPC,2019-04-04,104,105,103,105,2426
210948,AHPC,2019-04-07,105,105,102,104,7885
211116,AHPC,2019-04-08,105,105,103,104,118
211286,AHPC,2019-04-09,106,106,102,103,2908
211456,AHPC,2019-04-10,101,103,101,103,248
211625,AHPC,2019-04-11,104,104,102,102,19307
211795,AHPC,2019-04-15,102,102,102,102,134
211960,AHPC,2019-04-16,102,103,102,102,8264
212130,AHPC,2019-04-17,102,102,100,101,2886
212301,AHPC,2019-04-18,102,102,100,100,1418
212466,AHPC,2019-04-21,100,101,100,101,8214
212637,AHPC,2019-04-22,100,101,100,101,7382
212805,AHPC,2019-04-23,101,101,99,100,8692
212980,AHPC,2019-04-24,100,100,100,100,5622
213151,AHPC,2019-04-25,100,105,100,100,14641
213327,AHPC,2019-04-28,101,110,101,104,20284
213503,AHPC,2019-04-29,103,105,103,103,7980
213677,AHPC,2019-04-30,105,113,102,113,98472
213853,AHPC,2019-05-02,108,114,105,114,24640
214023,AHPC,2019-05-05,112,112,106,106,15727
214198,AHPC,2019-05-06,107,108,106,108,4747
214370,AHPC,2019-05-07,106,108,106,108,5026
214546,AHPC,2019-05-08,106,108,104,106,19947
214721,AHPC,2019-05-09,104,107,102,102,27355
214895,AHPC,2019-05-12,102,106,102,104,9369
215066,AHPC,2019-05-13,106,110,103,109,15339
215235,AHPC,2019-05-14,111,111,106,106,6666
215405,AHPC,2019-05-15,108,110,107,107,11621
215577,AHPC,2019-05-16,106,108,105,105,3771
215750,AHPC,2019-05-19,107,107,105,107,764
215921,AHPC,2019-05-20,108,108,104,108,7072
216093,AHPC,2019-05-21,110,112,108,110,23057
216266,AHPC,2019-05-22,112,121,111,121,117028
216437,AHPC,2019-05-23,123,125,111,114,50594
216607,AHPC,2019-05-26,112,114,110,112,41150
216772,AHPC,2019-05-27,114,114,109,109,12332
216942,AHPC,2019-05-28,107,115,107,112,17133
217106,AHPC,2019-05-29,114,116,113,114,26080
217279,AHPC,2019-05-30,116,120,111,113,28378
217453,AHPC,2019-06-02,111,111,108,111,21946
217619,AHPC,2019-06-03,111,111,108,109,10835
217790,AHPC,2019-06-04,108,110,108,109,9174
217962,AHPC,2019-06-06,114,114,108,110,1525
218134,AHPC,2019-06-10,112,112,108,108,7113
218307,AHPC,2019-06-11,110,110,107,107,1630
218481,AHPC,2019-06-12,109,109,106,108,10831
218655,AHPC,2019-06-13,106,108,106,106,3704
218825,AHPC,2019-06-16,110,110,104,104,10553
218998,AHPC,2019-06-17,104,111,104,111,6211
219171,AHPC,2019-06-18,110,110,107,107,1761
219348,AHPC,2019-06-19,105,108,105,107,1072
219517,AHPC,2019-06-20,106,108,106,108,1501
219688,AHPC,2019-06-23,106,108,105,108,6274
219859,AHPC,2019-06-24,106,108,106,106,879
220032,AHPC,2019-06-25,106,108,106,108,2979
220206,AHPC,2019-06-26,106,107,105,107,5439
220373,AHPC,2019-06-27,106,108,106,108,4110
220544,AHPC,2019-06-30,106,106,102,104,35200
220715,AHPC,2019-07-01,99,109,99,109,35
220884,AHPC,2019-07-02,107,107,104,106,3202
221054,AHPC,2019-07-03,105,110,104,106,5508
221228,AHPC,2019-07-04,105,107,105,106,2516
221404,AHPC,2019-07-07,108,108,105,106,4846
221576,AHPC,2019-07-08,106,106,103,105,10129
221747,AHPC,2019-07-09,104,107,104,105,13172
221912,AHPC,2019-07-10,105,106,105,106,9804
222080,AHPC,2019-07-11,106,106,104,105,7142
222252,AHPC,2019-07-14,107,107,105,105,1372
222413,AHPC,2019-07-15,107,108,106,106,4158
222583,AHPC,2019-07-16,111,111,111,111,10
222744,AHPC,2019-07-17,109,109,105,108,2535
222909,AHPC,2019-07-18,108,110,108,110,7448
223066,AHPC,2019-07-21,108,108,104,106,6761
223232,AHPC,2019-07-22,111,111,105,109,320
223397,AHPC,2019-07-23,107,108,106,107,3362
223566,AHPC,2019-07-24,108,108,106,108,513
223736,AHPC,2019-07-25,106,106,104,104,1459
223907,AHPC,2019-07-28,106,106,103,103,2766
224073,AHPC,2019-07-29,103,105,103,104,1033
224238,AHPC,2019-07-30,105,106,103,106,6695
224409,AHPC,2019-07-31,106,106,104,104,6350
224578,AHPC,2019-08-01,106,107,104,107,5524
224745,AHPC,2019-08-04,105,106,105,105,1475
224914,AHPC,2019-08-05,105,106,104,104,1629
225081,AHPC,2019-08-06,104,105,103,105,4948
225250,AHPC,2019-08-07,104,108,104,105,778
225422,AHPC,2019-08-08,105,105,104,104,3470
225588,AHPC,2019-08-11,104,104,103,104,2955
225754,AHPC,2019-08-12,104,105,103,104,4891
225925,AHPC,2019-08-13,104,106,102,106,11471
226090,AHPC,2019-08-14,104,104,102,103,2066
226259,AHPC,2019-08-15,105,105,103,103,1700
226418,AHPC,2019-08-18,103,104,101,101,6153
226578,AHPC,2019-08-19,104,104,101,102,5229
226753,AHPC,2019-08-20,102,102,102,102,1610
226918,AHPC,2019-08-21,101,101,101,101,242
227079,AHPC,2019-08-22,103,103,101,103,3050
227250,AHPC,2019-08-25,101,103,101,101,2979
227421,AHPC,2019-08-26,100,101,100,100,3710
227592,AHPC,2019-08-27,102,102,100,101,2522
227759,AHPC,2019-08-28,101,101,100,101,5672
227926,AHPC,2019-08-29,100,101,100,100,8025
228096,AHPC,2019-09-01,100,100,98,100,10384
228264,AHPC,2019-09-02,100,100,99,100,609
228435,AHPC,2019-09-03,99,102,98,101,9208
228606,AHPC,2019-09-04,100,99,100,101,2835
228774,AHPC,2019-09-05,100,100,99,99,1000
228940,AHPC,2019-09-08,100,100,99,99,2310
229104,AHPC,2019-09-09,99,99,98,98,2432
229277,AHPC,2019-09-10,98,99,97,99,4758
229449,AHPC,2019-09-11,99,104,96,103,7866
229619,AHPC,2019-09-12,108,108,96,96,13455
229787,AHPC,2019-09-15,96,97,94,94,10249
229949,AHPC,2019-09-16,94,95,94,95,8030
230118,AHPC,2019-09-17,96,99,100,99,7737
230289,AHPC,2019-09-18,100,99,100,102,11110
230460,AHPC,2019-09-19,102,99,100,99,1363
230610,AHPC,2019-09-22,97,98,96,96,4978
230776,AHPC,2019-09-23,97,97,96,96,4308
230946,AHPC,2019-09-24,96,97,96,97,2939
231117,AHPC,2019-09-25,96,97,96,96,1445
231283,AHPC,2019-09-26,95,96,95,95,6706
231450,AHPC,2019-09-29,95,96,95,96,28969
231606,AHPC,2019-09-30,95,95,94,94,3352
231763,AHPC,2019-10-01,95,97,95,97,2369
231927,AHPC,2019-10-02,97,98,97,98,1100
232087,AHPC,2019-10-03,98,98,94,94,9200
232240,AHPC,2019-10-10,95,95,94,94,2000
232361,AHPC,2019-10-14,94,97,94,97,254
232515,AHPC,2019-10-15,98,98,98,98,72
232974,AHPC,2019-10-20,95,95,93,93,7819
233102,AHPC,2019-10-21,94,95,94,94,3897
233247,AHPC,2019-10-22,93,96,93,95,3393
233400,AHPC,2019-10-23,96,96,95,96,1551
233553,AHPC,2019-10-24,97,104,96,104,670
233708,AHPC,2019-10-31,102,102,98,99,1084
233862,AHPC,2019-11-03,98,98,98,98,50
234023,AHPC,2019-11-04,97,97,94,95,10089
234186,AHPC,2019-11-05,96,97,96,97,40
234348,AHPC,2019-11-06,96,96,94,94,2660
234508,AHPC,2019-11-07,95,95,94,94,3300
234671,AHPC,2019-11-10,93,94,93,93,1848
234834,AHPC,2019-11-11,94,100,93,100,2407
235009,AHPC,2019-11-12,105,106,96,96,1361
235170,AHPC,2019-11-13,95,96,94,95,3361
235322,AHPC,2019-11-14,96,98,94,95,5631
235485,AHPC,2019-11-17,95,95,94,95,2293
235648,AHPC,2019-11-18,94,98,94,98,806
235807,AHPC,2019-11-19,99,100,94,94,2951
235970,AHPC,2019-11-20,95,97,95,95,4683
236135,AHPC,2019-11-21,96,96,94,94,2730
236302,AHPC,2019-11-24,93,97,91,96,6275
236464,AHPC,2019-11-25,95,95,95,95,10
236632,AHPC,2019-11-26,94,95,92,92,4812
236797,AHPC,2019-11-27,92,98,92,98,3644
236962,AHPC,2019-11-28,97,97,93,94,17854
237128,AHPC,2019-12-01,94,96,93,96,6835
237289,AHPC,2019-12-02,95,95,94,95,2200
237453,AHPC,2019-12-03,94,96,93,96,25054
237624,AHPC,2019-12-04,96,96,94,96,2633
237793,AHPC,2019-12-05,97,97,95,96,6954
237961,AHPC,2019-12-08,96,96,94,95,2423
238132,AHPC,2019-12-09,96,102,96,98,34957
238305,AHPC,2019-12-10,97,98,95,95,12444
238475,AHPC,2019-12-11,95,97,95,95,4327
238648,AHPC,2019-12-12,96,102,95,102,35059
238816,AHPC,2019-12-15,100,100,97,97,8295
238988,AHPC,2019-12-16,97,98,95,97,15043
239154,AHPC,2019-12-17,97,99,97,99,2299
239321,AHPC,2019-12-18,100,100,98,98,6862
239486,AHPC,2019-12-19,99,99,97,98,6622
239657,AHPC,2019-12-22,97,98,97,98,6317
239824,AHPC,2019-12-23,97,98,96,96,4351
240001,AHPC,2019-12-24,97,99,96,97,2150
240172,AHPC,2019-12-25,98,99,95,98,15459
240347,AHPC,2019-12-26,93,93,92,92,5333
240519,AHPC,2019-12-29,92,92,89,90,1808
240700,AHPC,2019-12-30,91,91,90,90,2260
240877,AHPC,2019-12-31,94,94,89,91,4090
241054,AHPC,2020-01-01,92,94,91,94,2907
241230,AHPC,2020-01-02,94,94,92,92,1640
241400,AHPC,2020-01-05,91,92,91,92,1210
241573,AHPC,2020-01-06,91,93,90,92,5678
241751,AHPC,2020-01-07,93,93,92,93,1645
241930,AHPC,2020-01-08,92,93,92,93,1145
242102,AHPC,2020-01-09,93,93,91,91,2050
242279,AHPC,2020-01-12,92,94,89,93,43679
242458,AHPC,2020-01-13,94,99,100,95,69218
242641,AHPC,2020-01-14,96,99,95,95,25450
242824,AHPC,2020-01-15,96,98,96,96,13593
243001,AHPC,2020-01-16,97,99,100,100,32700
243182,AHPC,2020-01-19,102,99,100,100,31158
243360,AHPC,2020-01-20,102,102,97,100,20025
243542,AHPC,2020-01-21,98,99,97,98,5450
243725,AHPC,2020-01-22,99,99,94,95,9602
243903,AHPC,2020-01-23,94,97,94,97,5197
244075,AHPC,2020-01-26,101,101,97,97,50
244249,AHPC,2020-01-27,96,96,94,96,4955
244429,AHPC,2020-01-28,96,98,93,95,22524
244607,AHPC,2020-01-29,95,95,93,93,8355
244783,AHPC,2020-01-30,94,98,93,96,7575
244961,AHPC,2020-02-02,95,97,95,97,10578
245136,AHPC,2020-02-03,96,99,100,97,43995
245313,AHPC,2020-02-04,98,99,97,97,34956
245489,AHPC,2020-02-05,97,98,95,97,24110
245666,AHPC,2020-02-06,96,96,96,96,1815
245841,AHPC,2020-02-09,95,96,94,94,6585
246014,AHPC,2020-02-10,95,96,94,95,19283
246189,AHPC,2020-02-11,99,100,94,95,17928
246364,AHPC,2020-02-12,95,97,95,97,3263
246537,AHPC,2020-02-13,98,98,94,96,7325
246708,AHPC,2020-02-16,95,98,94,96,10956
246884,AHPC,2020-02-17,100,102,95,101,69518
247059,AHPC,2020-02-18,101,102,98,98,20930
247240,AHPC,2020-02-19,97,100,97,98,7246
247417,AHPC,2020-02-20,98,100,97,98,15975
247597,AHPC,2020-02-23,97,104,97,104,29734
247775,AHPC,2020-02-24,103,106,100,103,27515
247954,AHPC,2020-02-25,104,113,101,113,118870
248134,AHPC,2020-02-26,115,123,104,104,67190
248314,AHPC,2020-02-27,99,112,99,102,144004
248494,AHPC,2020-03-01,104,111,104,106,75001
248677,AHPC,2020-03-02,104,104,101,101,22346
248850,AHPC,2020-03-03,100,107,99,105,50833
249031,AHPC,2020-03-04,103,103,98,98,36939
249205,AHPC,2020-03-05,98,101,98,99,11600
249384,AHPC,2020-03-10,99,100,98,99,7168
249545,AHPC,2020-03-11,100,102,98,98,18984
249725,AHPC,2020-03-12,97,100,97,98,25055
249907,AHPC,2020-03-15,97,98,93,95,33391
250081,AHPC,2020-03-16,94,98,93,95,17807
250261,AHPC,2020-03-17,94,94,90,93,29723
250436,AHPC,2020-03-18,92,93,90,91,15259
250608,AHPC,2020-03-19,90,94,88,93,26548
250781,AHPC,2020-03-22,93,93,93,93,190
